title,address,description,price,date,seller,image
4 bedroom maisonette for sale,"Roslin House Brodlove Lane,  Shadwell, E1W","A magnificent FOUR BEDROOM maisonette in SHADWELL E1W, presented in OUTSTANDING CONDITION and offered CHAIN FREE.","£475,000",08/11/2019,"Victorstone Property Consultants , City Road",https://media.rightmove.co.uk:443/dir/crop/10:9-16:9/78k/77197/86422652/77197_114885_IMG_02_0000_max_476x317.jpg
10 bedroom detached house for sale,"Merton Lane, London, N6","Exceptional Contemporary Mansion in Highgate Located on a sought after road and occupying a 2 acre site, a bespoke family home with the accommodation predominantly arranged over three floors with the benefit of a substantial, self-contained staff lodge. The luxurious entrance hall of this stun...","£40,000,000",23/10/2019,"Knight Frank, Hampstead",https://media.rightmove.co.uk:443/dir/crop/10:9-16:9/66k/65806/74974474/65806_HAM130309_IMG_01_0001_max_476x317.jpg
10 bedroom detached house for sale,"Merton Lane, London, N6","Located on a sought-after road in the heart of Highgate and occupying a two-acre site, a bespoke family home with the accommodation predominantly arranged over three floors with the benefit of a substantial, self-contained staff lodge. The luxurious entrance hall of this stunning home has a glass...",POA,22/10/2019,"'s International Realty, London",https://media.rightmove.co.uk:443/dir/crop/10:9-16:9/63k/62080/74956453/62080_NLD180216_IMG_01_0000_max_476x317.jpg
8 bedroom house for sale,"Wilton Crescent, Belgravia, London, SW1X","An impressive Grade II listed freehold house in the sought after address A substantial freehold house located in the heart of Belgravia, and moments from Hyde Park and the world renowned shops of Knightsbridge and Sloane Street. A fabulous 8 bedroom freehold house benefitting from an adjoining ...","£37,000,000",12/11/2019,"Knight Frank, Belgravia, covering Westminster",https://media.rightmove.co.uk:443/dir/crop/10:9-16:9/95k/94745/75466246/94745_BGV190072_IMG_01_0000_max_476x317.jpg
7 bedroom detached house for sale,"The Bishops Avenue, Hampstead, London, N2","Known as the ‘Billionaire’s Row’ of London, Barons Court is a stunning property, occupying some 2.55 acres (approximately) on the favored west side of the road.",POA,23/08/2018,"Savills, Hampstead",https://media.rightmove.co.uk:443/dir/crop/10:9-16:9/49k/48928/83474087/48928_STS150175_IMG_01_0000_max_476x317.jpg
6 bedroom terraced house for sale,"Cadogan Place, Belgravia, London, SW1X",A SPECTACULAR GRADE II LISTED HOUSE REFURBISHED AND INTERIOR DESIGNED TO A VERY HIGH STANDARD AND SPECIFICATION DIRECTLY OVERLOOKING CADOGAN PLACE GARDENS.,"£34,000,000",09/01/2020,"Savills, Knightsbridge",https://media.rightmove.co.uk:443/dir/crop/10:9-16:9/26k/25602/88192172/25602_KNH170031_IMG_01_0000_max_476x317.jpg
6 bedroom house for sale,"Queen Anne's Gate, St James's Park","Arranged over three floors and offering in excess of 11480 square feet of immaculately presented and voluminous living space, this elegantly appointed six bedroom, seven bathroom family residence, with 24 hour porterage, is accessed via a private entrance and notably has sole use of and direct","£33,500,000",16/10/2019,"The Cloister, London",https://media.rightmove.co.uk:443/dir/crop/10:9-16:9/52k/51305/87587024/51305_5503_IMG_14_0000_max_476x317.jpg
60 bedroom house for sale,"Lexham Gardens, Kensington","A superb investment opportunity to acquire 60 room freehold hotel ideally situated in the heart of prestigious Kensington, widely recognised as one of London's finest addresses.","£33,000,000",14/11/2019,"The Cloister, London",https://media.rightmove.co.uk:443/dir/crop/10:9-16:9/52k/51305/87018029/51305_5598_IMG_03_0000_max_476x317.jpg
6 bedroom apartment for sale,"Wellington Court, Knightsbridge SW1X","Considered to be one of London`s most prestigious penthouse, directly opposite One Hyde Park, this outstanding apartment with direct lift access, comprises of six bedroom suites, spacious reception areas and multiple terraces with direct views overlooking Hyde Park.","£32,500,000",27/03/2019,"Rokstone, London",https://media.rightmove.co.uk:443/dir/crop/10:9-16:9/177k/176396/80460026/176396_1263_IMG_01_0000_max_476x317.jpg
5 bedroom apartment for sale,"Eaton Square, Belgravia, London, SW1W",A unique opportunity to acquire a raised ground floor and garden apartment on the northern terrace of Eaton Square.,POA,20/09/2015,"Savills, Sloane Street",https://media.rightmove.co.uk:443/dir/crop/10:9-16:9/49k/48943/73061572/48943_SLF120060_IMG_01_0000_max_476x317.jpg
8 bedroom house for sale,"Knightsbridge, Knightsbridge","A handsome eight bedroom, four reception room Grade II listed stucco fronted house of magnificent proportion with lift and roof terrace, prestigiously situated in Knightsbridge.","£30,000,000",15/07/2019,"The Cloister, London",https://media.rightmove.co.uk:443/dir/crop/10:9-16:9/52k/51305/65591130/51305_750_IMG_01_0002_max_476x317.jpg
3 bedroom apartment for sale,"One Hyde Park, Knightsbridge",This truly exceptional apartment located in the most sought after location is now available. The grand property boasts magnificent views of both Knightsbridge and Hyde Park. One Hyde Park is offering luxury London living at it's absolute finest.,"£30,000,000",18/09/2019,"The Cloister, London",https://media.rightmove.co.uk:443/dir/crop/10:9-16:9/52k/51305/84893990/51305_5399_IMG_01_0000_max_476x317.jpg
7 bedroom terraced house for sale,"Eaton Square, Belgravia, London, SW1W","Internally arranged over several floors, this property is a true family home comprised of five bedroom suites. With the ground and first floors dedicated entirely to entertaining, there is a large dining room, functional bar area, open plan kitchen and a bright first floor formal reception room. ...",POA,15/03/2018,"'s International Realty, London",https://media.rightmove.co.uk:443/dir/crop/10:9-16:9/63k/62080/65527969/62080_LON180021_IMG_11_0000_max_476x317.jpg
7 bedroom detached house for sale,"Phillimore Gardens, Kensington, London","A very special detached seven bedroom family house with off-street parking and a lovely south-west facing garden backing onto Holland Park. This impressive and wide house occupies approximately 6,520 sq ft and is very well arranged over five floors","£30,000,000",22/01/2019,"Strutt & Parker, Kensington",https://media.rightmove.co.uk:443/dir/crop/10:9-16:9/55k/54859/57755931/54859_CSD170419_IMG_01_0000_max_476x317.jpg
7 bedroom detached house for sale,"Phillimore Gardens, Kensington, London, W8",An elegant detached house overlooking Holland Park for sale in W8 A rarely available detached house with parking on the Phillimore Estate with west facing views over Holland Park. The house has substantial proportions offering impressive reception rooms and a sensible layout of accommodation wit...,"£30,000,000",22/01/2019,"Knight Frank, Kensington",https://media.rightmove.co.uk:443/dir/crop/10:9-16:9/66k/65809/76905467/65809_KEN160118_IMG_01_0009_max_476x317.jpg
10 bedroom detached house for sale,"Upper Phillimore Gardens, Kensington, London, W8","Located on one of London's finest residential addresses, this detached ten bedroom house with lift and garage, has been extensively remodelled and re-designed to the most exacting standards and utilising some of the most luxurious finishes available. Set back from the street, behind its own lands...","£29,950,000",25/03/2019,"John D Wood & Co. Sales, Kensington",https://media.rightmove.co.uk:443/dir/crop/10:9-16:9/1k/675/70700242/675_CST150362_IMG_01_0000_max_476x317.jpg
10 bedroom detached house for sale,"Upper Phillimore Gardens, Kensington, London, W8","A classic white stucco fronted 10 bedroom house in prime Kensington Located on one of London's finest residential addresses, this ten bedroom house has been extensively remodelled and re-designed to the most exacting standards and utilising some of the most luxurious finishes available. Approx...","£29,950,000",13/04/2016,"Knight Frank, Kensington",https://media.rightmove.co.uk:443/dir/crop/10:9-16:9/66k/65809/79352300/65809_KEN150213_IMG_01_0005_max_476x317.jpg
7 bedroom town house for sale,"Mansion House, Westminster SW1P",Available for the first time in generations: A palatial stately home in the Heart of the Establishment.,"£29,950,000",22/01/2019,"Rokstone, London",https://media.rightmove.co.uk:443/dir/crop/10:9-16:9/177k/176396/72754754/176396_2247_IMG_41_0002_max_476x317.jpg
7 bedroom house for sale,"Mansion House, Cowley Street, Westminster, London, SW1P","Grandeur & Prestige in The Heart of The Establishment Available For The First Time in Generations: A Palatial Stately Home in The Heart of The Establishment. Mansion House is a spectacular restoration and refurbishment of a grand early 20th century building originally designed by Horace Field.
...","£29,950,000",25/01/2019,"Knight Frank, Mayfair",https://media.rightmove.co.uk:443/dir/crop/10:9-16:9/66k/65815/59753316/65815_VIC160037_IMG_01_0000_max_476x317.jpg
3 bedroom duplex for sale,"One Hyde Park, 100 Knightsbridge, London, SW1X","An exceptional three bedroom duplex apartment (approx. 4,439 sq ft) at London’s premier address, with an expansive formal reception room overlooking Hyde Park and the Serpentine.","£29,500,000",30/10/2018,"Savills, Sloane Street",https://media.rightmove.co.uk:443/dir/crop/10:9-16:9/49k/48943/73061563/48943_SLH180036_IMG_01_0000_max_476x317.jpg
8 bedroom detached house for sale,"Elsworthy Road, Primrose Hill, London, NW3","An elegant beautifully refurbished interior designed detached home (932.2 sq m/10,035 sq ft) originally built in accommodation with a lift serving all floors, a carriage drive way and a rear garden with direct access to magnificent, extensive communal gardens. Elsworthy Road is situate...","£28,500,000",09/04/2019,"Aston Chase, London",https://media.rightmove.co.uk:443/dir/crop/10:9-16:9/85k/84235/80794139/84235_RGS190106_IMG_01_0000_max_476x317.jpg
8 bedroom detached house for sale,"Elsworthy Road, London, NW3",Low built mansion with carriage driveway & lift for sale A magnificent detached freehold house with exceptionally large and light entertaining areas set behind a carriage driveway on one of the area's most sought after tree lined Avenues. EPC: D. This extremely wide and impressive home looks on...,"£28,500,000",09/04/2019,"Knight Frank, St John's Wood",https://media.rightmove.co.uk:443/dir/crop/10:9-16:9/66k/65830/71030005/65830_SJW170131_IMG_01_0000_max_476x317.jpg
6 bedroom town house for sale,"Chapel Street, Belgravia SW1X","A magnificent and exceptionally well presented six bedroom freehold town house with a spectacular garden,lift, swimming pool and leisure facilities situated moments from Belgrave Square and Knightsbridge. ","£28,000,000",25/10/2019,"Rokstone, London",https://media.rightmove.co.uk:443/dir/crop/10:9-16:9/177k/176396/85982015/176396_517_ROKS_IMG_01_0001_max_476x317.jpg
8 bedroom house for sale,"Hamilton Terrace, London, NW8","This imposing house in Hamilton Terrace has been built to the highest of specifications, and interior designed by Bill Bennette to offer a glamorous, contemporary space, ideal for entertaining and stylish family living. There is a gated driveway with parking for two cars at the front and stone...","£27,500,000",03/09/2019,"Beauchamp Estates Ltd, Mayfair - Resale",https://media.rightmove.co.uk:443/dir/crop/10:9-16:9/80k/79099/64810998/79099_1017365935_IMG_01_0001_max_476x317.jpg
11 bedroom detached house for sale,"Hamilton Terrace, St John's Wood, London, NW8","This imposing house in Hamilton Terrace has been built to the highest of specifications, and interior designed by Bill Bennette to offer a glamorous, contemporary space, ideal for entertaining and stylish family living. There is a gated driveway with parking for two cars at the front a...","£27,500,000",03/09/2019,"Aston Chase, London",https://media.rightmove.co.uk:443/dir/crop/10:9-16:9/85k/84235/73890214/84235_RGS190249_IMG_01_0000_max_476x317.jpg
2 bedroom flat for sale,"Prescot Street, London","Split level 2 double ensuite bedroom apartment with fully fitted kitchen, separate sitting room, 24 hr conceige, and parking. WATCH THE VIDEO!","£745,000",31/01/2020,"Anderson Rose, Tower Bridge",https://media.rightmove.co.uk:443/dir/crop/10:9-16:9/80k/79087/76629697/79087_TOW110073_IMG_02_0000_max_476x317.jpg
60 bedroom terraced house for sale,"Lancaster Gate, Lancaster Gate, W2","Let's Talk Property are proud to present this classical Victorian style, Grade II listed building in Bayswater, London in need of complete modernisation. A very exciting opportunity to acquire this magnificent freehold of approximately 25,000 sq ft.","£26,800,000",06/02/2019,"Let's Talk Property, London",https://media.rightmove.co.uk:443/dir/crop/10:9-16:9/187k/186677/75877780/186677_LETST_000547_IMG_01_0000_max_476x317.jpg
60 bedroom terraced house for sale,"Lancaster Gate, Hyde Park","An exciting opportunity to acquire a magnificent freehold of approximately 25,000 sq ft. The property comprises two adjoining white stucco fronted, seven storey Grade II Listed buildings in need of complete modernisation.","£26,800,000",16/08/2019,"Dexters, Hyde Park & Bayswater",https://media.rightmove.co.uk:443/dir/crop/10:9-16:9/56k/55362/75173836/55362_29023646_IMG_01_0000_max_476x317.jpg
5 bedroom flat for sale,"One Kensington Gardens, Kensington Road, London W8",An exclusive five bedroom apartment overlooking Kensington Palace Gardens. ,"£26,000,000",07/10/2019,"Strutt & Parker, London - New Homes",https://media.rightmove.co.uk:443/dir/crop/10:9-16:9/97k/96919/65597634/96919_LNW190086_IMG_01_0000_max_476x317.jpg
5 bedroom terraced house for sale,"Park Street, London, W1K","An exceptional 5 bedroom Mayfair Townhouse Arranged over 6 floors and situated within a prime Mayfair location, this mansion house offers a grande entrance hall, separate catering kitchen, staff quarters and access to the private Green Street Gardens. EPC: D. This spacious 5 bedroom town ho...","£25,900,000",07/09/2018,"Knight Frank, Mayfair",https://media.rightmove.co.uk:443/dir/crop/10:9-16:9/66k/65815/75447035/65815_POD180323_IMG_01_0001_max_476x317.jpg
5 bedroom flat for sale,"One Kensington Gardens, Kensington, London, W8","Luxury development overlooking Kensington Palace Gardens, W8. A collection of 97 lateral and duplex apartments with views across Kensington Palace Gardens. Offering a variety of amenities including a 25 metre swimming pool, private resident's gym, business centre and secure parking. This delig...","£25,800,000",11/10/2018,"Knight Frank - New Homes, Prime Central London Developments",https://media.rightmove.co.uk:443/dir/crop/10:9-16:9/42k/41063/61330217/41063_KRD130830_IMG_136_0000_max_476x317.jpg
7 bedroom detached house for sale,"Addison Road, Holland Park, London, W14","A stunning Holland Park family home with a large garden & parking Rebuilt approximately six years ago to the highest standard, this is an exceptional property with great lateral space, large garden and off street parking. The house has excellent entertaining space which includes a cinema room an...","£25,000,000",22/11/2019,"Knight Frank, Kensington",https://media.rightmove.co.uk:443/dir/crop/10:9-16:9/66k/65809/86869814/65809_KEN190147_IMG_01_0002_max_476x317.jpg
5 bedroom terraced house for sale,"The Grande House, St James's, London, SW1A","An exceptional and unique 5/6 bedroom town house for sale in St James's SW1 The Grande House, 12 Park Place is an immaculate new build town house located in the heart of St James's, which seamlessly blends contemporary design, luxurious materials and unique charm, all set behind a striking black...","£25,000,000",10/06/2019,"Knight Frank, Mayfair",https://media.rightmove.co.uk:443/dir/crop/10:9-16:9/66k/65815/76006889/65815_WER160027_IMG_01_0003_max_476x317.jpg
6 bedroom detached house for sale,"Hamilton Terrace, London","An elegant period, detached, freehold house, refurbished and remodelled to the highest of standards, incorporating generous bedroom suites, luxurious entertaining spaces and magnificent lower ground level leisure facilities with swimming pool, bar area, gymnasium, Jacuzzi, sauna and home cinema. ...","£25,000,000",25/06/2019,"Ian Green Residential, London",https://media.rightmove.co.uk:443/dir/crop/10:9-16:9/74k/73947/72517231/73947_28886638_IMG_01_0000_max_476x317.jpg
8 bedroom house for sale,"Cornwall Terrace, London, NW1","Located on the south-west corner of Regent's Park on Cornwall Terrace, Silk House presents a magnificent Grade I listed home with stunning views over Regent's Park. This impressive six bedroom home has been meticulously restored to the specification of the Crown Estate and English Heritage and...","£25,000,000",09/01/2020,"Beauchamp Estates Ltd, Mayfair - Resale",https://media.rightmove.co.uk:443/dir/crop/10:9-16:9/80k/79099/76665631/79099_1001448361_IMG_01_0000_max_476x317.png
5 bedroom terraced house for sale,"The Grande House, St James's, London, SW1A","An immaculate town house located in the heart of St James’s, which seamlessly blends contemporary design, luxurious materials and unique charm, all set behind a striking black brick façade.","£25,000,000",10/06/2019,"Savills, Mayfair",https://media.rightmove.co.uk:443/dir/crop/10:9-16:9/50k/49602/83477891/49602_MAS170108_IMG_01_0000_max_476x317.jpg
6 bedroom detached house for sale,"Hamilton Terrace, St John's Wood, London, NW8","A 6 bedroom Georgian house for sale in St Johns Wood, NW8 A magnificent 12,435 sq ft Georgian house built circa 1850 that has been the subject of a major renovation behind the period façade. EPC D. An elegant period, detached, freehold house, refurbished and remodelled to the highest of sta...","£25,000,000",13/07/2018,"Knight Frank, St John's Wood",https://media.rightmove.co.uk:443/dir/crop/10:9-16:9/66k/65830/73393096/65830_SJW120142_IMG_01_0000_max_476x317.jpg
3 bedroom apartment for sale,"One Hyde Park, Knightsbridge",This truly exceptional apartment located in the most sought after location is now available. The grand property boasts magnificent views of both Knightsbridge and Hyde Park. One Hyde Park is offering luxury London living at it's absolute finest.,"£25,000,000",18/09/2019,"The Cloister, London",https://media.rightmove.co.uk:443/dir/crop/10:9-16:9/52k/51305/84893258/51305_5394_IMG_01_0000_max_476x317.jpg
8 bedroom detached house for sale,"Avenue Road, NW8","'A very rare Freehold mansion, nestled in a double-width garden, available for sale for the first time in 60 years.' We are privileged to introduce this unique property, which offers the fortunate buyer a rare combination of privacy and grand living, in one of London's most sophisticated...","£25,000,000",29/01/2020,"Glentree Estates Ltd, London",https://media.rightmove.co.uk:443/dir/crop/10:9-16:9/191k/190037/67945350/190037_28618841_IMG_01_0000_max_476x317.jpg
5 bedroom detached house for sale,"Hamilton Terrace, St Johns Wood, London, NW8",A magnificent Georgian detached family home situated on this prestigious tree lined boulevard.,"£25,000,000",02/08/2019,"Savills, St John's Wood & Regent's Park",https://media.rightmove.co.uk:443/dir/crop/10:9-16:9/79k/78202/64130025/78202_STS150012_IMG_01_0000_max_476x317.jpg
6 bedroom house for sale,"Victoria Road, Kensington, London, W8","An exceptional low built villa for sale in the heart of Kensington, W8 A unique and substantial double fronted villa near Kensington Palace and Hyde Park. The house has been built to the highest standards and provides desirable off-street parking for two cars and a spa with swimming pool. Approx...","£24,000,000",23/01/2020,"Knight Frank, Knightsbridge",https://media.rightmove.co.uk:443/dir/crop/10:9-16:9/66k/65827/88684766/65827_SLA150165_IMG_01_0000_max_476x317.jpg
4 bedroom apartment for sale,"Whistler Square, London, SW1W","Situated on the fifth floor, this beautiful four-bedroom residence offers elegant lateral living spaces, where floor to ceiling windows open up wonderful vistas of Whistler Square.","£24,000,000",31/01/2020,"Savills New Homes, Margaret Street",https://media.rightmove.co.uk:443/dir/crop/10:9-16:9/49k/48985/77143537/48985_LAD153129_IMG_01_0000_max_476x317.jpg
Detached house for sale,"Winnington Road, N2","One of the finest houses to come onto the market, approached by a magnificent carriage driveway is this ambassadorial detached residence built ten years ago, standing in its own grounds. The house features a grand central staircase in beautiful white marble with ornate balustrades. The a...","£23,000,000",25/11/2019,"Glentree Estates Ltd, London",https://media.rightmove.co.uk:443/dir/crop/10:9-16:9/191k/190037/66614865/190037_29291104_IMG_06_0000_max_476x317.jpg
4 bedroom flat for sale,"The Clarence, 88 St. James's Street, London",A stunning four bedroom lateral apartment in Royal St. James,"£22,500,000",08/06/2019,"Strutt & Parker, London - New Homes",https://media.rightmove.co.uk:443/dir/crop/10:9-16:9/97k/96919/72158785/96919_LNW190052_IMG_02_0000_max_476x317.jpg
4 bedroom flat for sale,"St James's House, 88 St. James's Street, London, SW1A",An exclusive 4 bedroom apartment within a magnificent period residence The Clarence comprises of four bedrooms suites and has been finished to the highest specification combining its historic legacy with luxury modern features. It's proximity to royalty makes St. James's House truly unique. Boa...,"£22,500,000",16/11/2018,"Knight Frank - New Homes, Prime Central London Developments",https://media.rightmove.co.uk:443/dir/crop/10:9-16:9/42k/41063/77191517/41063_KRD170903_IMG_01_0000_max_476x317.jpg
3 bedroom apartment for sale,"One Hyde Park, Knightsbridge","The Cloister are pleased to present this stunning three bedroom apartment located in Knightsbridge, One Hyde Park, a prestigious and much sought-after location.","£22,000,000",18/09/2019,"The Cloister, London",https://media.rightmove.co.uk:443/dir/crop/10:9-16:9/52k/51305/84893180/51305_5393_IMG_01_0000_max_476x317.jpg
7 bedroom terraced house for sale,"Cornwall Terrace, Regent's Park, London, NW1","Development opportunity in Regents Park, NW1. An extremely rare opportunity to purchase a magnificent, Grade I listed, Regency styled property in one of London's most prestigious locations. The property, spread across 9,213 sq. ft., is offered in shell condition with the benefit of Planning Per...",POA,12/09/2017,"Knight Frank, St John's Wood",https://media.rightmove.co.uk:443/dir/crop/10:9-16:9/66k/65830/61745569/65830_SJW120283_IMG_07_0000_max_476x317.jpg
6 bedroom detached house for sale,Broomhouse Lane London SW6,"A unique and newly refurbished detached, family house with spectacular views overlooking Hurlingham Park. The property has undergone extensive renovation to create a large and contemporary low-built house finished to exceptionally high standards.
Arranged over three floors the house offers six b...",POA,06/12/2019,"JLL, Kensington High Street",https://media.rightmove.co.uk:443/dir/crop/10:9-16:9/213k/212372/76229374/212372_P65411_IMG_03_0000_max_476x317.jpg
11 bedroom flat for sale,"Fountain House, Park Street, London, W1K","An 11 bedroom duplex apartment for sale A spectacular duplex apartment situated on the seventh and eighth floors of a prestigious residential building, featuring far reaching westerly views over Hyde Park, a 24 hour porter, as well as lift access. EPC: D. Located on the seventh and eighth...","£20,000,000",25/08/2019,"Knight Frank, Mayfair",https://media.rightmove.co.uk:443/dir/crop/10:9-16:9/66k/65815/84240836/65815_WER160014_IMG_01_0001_max_476x317.jpg
6 bedroom house for sale,"Brook Street, London, W1K","An attractive family house of approximately 5,640 square feet set over six floors.","£20,000,000",23/05/2019,"Carter Jonas, Mayfair",https://media.rightmove.co.uk:443/dir/crop/10:9-16:9/49k/48609/71877613/48609_CHE110005_IMG_02_0000_max_476x317.jpg
2 bedroom flat for sale,"Boundary Close, Kingston Upon Thames, Surrey, United Kingdom, KT1","A first floor apartment situated in a modern building with well maintained communal grounds. Offering two double bedrooms, this wonderfully bright flat has 'first come first served' parking and the accommodation comprises modern kitchen with plenty of work surfaces for the budding master chef, fa...","£310,000",22/01/2020,"Gascoigne-Pees, Kingston Upon Thames",https://media.rightmove.co.uk:443/dir/crop/10:9-16:9/5k/4933/88651184/4933_KIS200008_IMG_01_0000_max_476x317.jpg
7 bedroom terraced house for sale,"Herbert Crescent, Knightsbridge, SW1X ","Sole Selling Agent Knightsbridge, are pleased to offer this outstanding brand new high-end development freehold house, situated in one of the most prestigious addresses in the centre of Knightsbridge. Internal area of 4,638 Sq Ft (431 Sq Meters).",POA,24/09/2019,"Knightsbridge, Estate Agents",https://media.rightmove.co.uk:443/dir/crop/10:9-16:9/112k/111955/74337697/111955_521_IMG_01_0000_max_476x317.jpg
5 bedroom house for sale,"Cornwall Terrace, London","An extremely rare opportunity to purchase a magnificent, Grade I listed, Regency styled property in one of London’s most prestigious locations. The property, spread across 9,213 sq ft, is offered in shell condition with the benefit of Planning Permission, Listed Building and Crow...",POA,10/04/2017,"Sandfords, Regents Park",https://media.rightmove.co.uk:443/dir/crop/10:9-16:9/46k/45144/47838357/45144_SAN170028_IMG_16_0000_max_476x317.jpg
5 bedroom house for sale,"Wilton Crescent, Chelsea","Situated within one of London's most elegant and exclusive crescents is this exceptional Grade II Listed, late Regency, six-storey freehold house with five bedrooms, a garden and a large roof terrace.","£20,000,000",15/08/2019,"Dexters, Chelsea",https://media.rightmove.co.uk:443/dir/crop/10:9-16:9/95k/94643/73573519/94643_29022890_IMG_09_0000_max_476x317.jpg
6 bedroom house for sale,"Cannon Lane, Hampstead Village, NW3","A spectacular and award winning newly built 6 bedroom home of contemporary design, by world renowned architect Claudio Silvestrin, situated in one of Hampstead's most sought after locations. This detached property occupies an elevated site commanding superb views of the London skyline fr...","£19,950,000",08/06/2017,"TK International, Hampstead",https://media.rightmove.co.uk:443/dir/crop/10:9-16:9/67k/66289/48734373/66289_27005993_IMG_13_0000_max_476x317.jpg
5 bedroom apartment for sale,"Park Lane, Mayfair, London, W1K","A lateral flat of approximately 3,698 sq ft lateral flat on the fourth floor of a highly regarded, modern block on Park lane.","£19,950,000",24/09/2018,"Savills, Mayfair",https://media.rightmove.co.uk:443/dir/crop/10:9-16:9/50k/49602/83477969/49602_MAS150047_IMG_01_0000_max_476x317.jpg
6 bedroom terraced house for sale,"Hanover Terrace, Regent's Park, London, NW1","An imposing Grade l listed house and mews (6,760 sq ft ) in one of Regent Park's most sought after Nash terraces with a stunning south-west facing garden.","£19,750,000",13/12/2019,"Savills, St John's Wood & Regent's Park",https://media.rightmove.co.uk:443/dir/crop/10:9-16:9/79k/78202/65180514/78202_STS180186_IMG_01_0000_max_476x317.jpg
5 bedroom terraced house for sale,"Knighton Place, Yeomans Row, Knightsbridge, London, SW3","Brand new homes moments from Harrods. Knighton Place is a new development of five townhouses and four apartments on Yeoman's Row, a quiet residential street in Knightsbridge just minutes' walk away from Harrods. Designed by Finchatton, each residence is spacious and perfectly proportion...","£19,500,000",08/01/2020,"Knight Frank - New Homes, Prime Central London Developments",https://media.rightmove.co.uk:443/dir/crop/10:9-16:9/42k/41063/88104584/41063_SLA140247_IMG_01_0000_max_476x317.jpg
6 bedroom house for sale,"Cannon Lane, London, NW3","Arranged over five floors, this stunning modern family home is a breath taking piece of architecture and design. With a swimming pool, spa, sauna and gymnasium this house has everything you desire and more.","£19,500,000",25/07/2017,"Beauchamp Estates Ltd, Mayfair - Resale",https://media.rightmove.co.uk:443/dir/crop/10:9-16:9/80k/79099/61069042/79099_1001455773_IMG_01_0001_max_476x317.png
5 bedroom flat for sale,"Academy Gardens, Duchess of Bedfords Walk, South Kensington, W8","This exquisite property is arranged over the top two floors of this imposing gated development. Luxury comes as standard with double height ceilings, and touch screen pads throughout which control the entertainment, lighting and heating system. Furthermore, the property is complete with 5 bed...","£19,000,000",08/01/2020,"Liv International, London",https://media.rightmove.co.uk:443/dir/crop/10:9-16:9/55k/54583/88153028/54583_LIVH_014442_IMG_01_0000_max_476x317.jpg
5 bedroom house for sale,"Sloane Gardens, Belgravia, London, SW1W","Recently refurbished freehold house for sale in Belgravia SW1 A rare opportunity to purchase this recently restored and refurbished Sloane Gardens house on the sought after Cadogan Estate, moments from Sloane Square. Approximately 594 sq m (6,396 sq ft). EPC: D. The house boasts impressive ce...","£19,000,000",11/01/2020,"Knight Frank, Belgravia, covering Westminster",https://media.rightmove.co.uk:443/dir/crop/10:9-16:9/95k/94745/76713388/94745_BGV180025_IMG_01_0000_max_476x317.jpg
7 bedroom terraced house for sale,"Lygon Place, Belgravia, London, SW1W","7 bedroom period home with private parking for sale in SW1A 7 bedroom Grade II listed period home benefitting from grand proportions, passenger lift, private garden, 24 hour security and underground car parking. Lygon Place is a secure, gated address set back from the street and accessed via a ...",POA,16/05/2018,"Knight Frank, Belgravia, covering Westminster",https://media.rightmove.co.uk:443/dir/crop/10:9-16:9/95k/94745/63963652/94745_BGV150180_IMG_13_0008_max_476x317.jpg
7 bedroom terraced house for sale,"Lygon Place, Belgravia, London","A grand seven bedroom period townhouse with a lift, underground parking, 24 hour security and porterage in Belgravia",POA,18/05/2018,"Strutt & Parker, Knightsbridge",https://media.rightmove.co.uk:443/dir/crop/10:9-16:9/45k/44264/73276220/44264_SLN180016_IMG_01_0000_max_476x317.jpg
3 bedroom flat for sale,"One Hyde Park, Knightsbridge, London, SW1X","A 3 bedroom apartment for sale in Knightsbridge SW1X An outstanding three bedroom, interior designed apartment located on the fifth floor of One Hyde Park, the first European Residences at Mandarin Oriental and one of the most exclusive addresses in the world. Approximately 3,083 sq ft (286.49 s...","£18,950,000",31/01/2020,"Knight Frank, Knightsbridge",https://media.rightmove.co.uk:443/dir/crop/10:9-16:9/66k/65827/88990169/65827_SLA190130_IMG_01_0000_max_476x317.jpg
6 bedroom detached house for sale,"Ingram Avenue, Hampstead, London, NW11","New detached 6 bedroom house in Hampstead Garden Suburb, NW11 A stunning newly built detached home of approximately 14,358 sq ft situated on this lovely leafy street in Hampstead Garden Suburb. This majestic property backs onto Turners Wood Bird Sanctuary. The grand living accommodation includes...",POA,14/12/2016,"Knight Frank, Hampstead",https://media.rightmove.co.uk:443/dir/crop/10:9-16:9/66k/65806/57355537/65806_HAM110102_IMG_191_0002_max_476x317.jpg
7 bedroom detached house for sale,"Ingram Avenue, Hampstead Garden Suburb, London, NW11","A striking newly built, detached family home, offering c.14,358 sq ft of luxurious accommodation.",POA,22/10/2019,"Savills, Hampstead",https://media.rightmove.co.uk:443/dir/crop/10:9-16:9/49k/48928/85841750/48928_HAH170297_IMG_01_0000_max_476x317.jpg
5 bedroom penthouse for sale,"The Sloane Building, Hortensia Road, London, SW10",A spectacular five bedroom penthouse in this exciting conversion of a grade II listed Chelsea school building.,"£18,500,000",17/07/2019,"Savills New Homes, Margaret Street",https://media.rightmove.co.uk:443/dir/crop/10:9-16:9/49k/48985/73057018/48985_LAD161558_IMG_04_0000_max_476x317.jpg
3 bedroom apartment for sale,"Clarges Mayfair, W1J","A three bedroom suite apartment with study and south-facing views of Green Park in one of Mayfair's finest new residences. Clarges Mayfair is a landmark, super-prime development of only 34 apartments offering residents 5* leisure facilities including gym, swimming pool, treatment rooms, cinema a...","£18,500,000",04/11/2019,"Harrods Estates, Mayfair",https://media.rightmove.co.uk:443/dir/crop/10:9-16:9/120k/119029/66171117/119029_MAY180051_IMG_01_0000_max_476x317.jpg
5 bedroom flat for sale,"The Sloane Building, Hortensia Road, Chelsea, London, SW10","The penthouse of an elegant Grade II listed Edwardian Building. Available now and fully furnished. Located on Hortensia Road in Chelsea, this luxurious five bedroom Penthouse has been beautifully conceived with over 6,000 sq ft of lateral living space and roof terraces giving you 360 panoramic v...","£18,500,000",08/11/2019,"Knight Frank - New Homes, Prime Central London Developments",https://media.rightmove.co.uk:443/dir/crop/10:9-16:9/42k/41063/86408045/41063_KRD151652_IMG_01_0000_max_476x317.jpg
5 bedroom flat for sale,"Chesham Place, London",A superb lateral apartment on the fourth floor of this luxury boutique development in the very heart of Belgravia.,"£18,500,000",08/01/2020,"Strutt & Parker, Knightsbridge",https://media.rightmove.co.uk:443/dir/crop/10:9-16:9/45k/44264/88635479/44264_SLN190072_IMG_01_0000_max_476x317.jpg
7 bedroom detached house for sale,"Elysian House, Ingram Avenue, NW11","Elysian House at 24 Ingram Avenue reflects luxury and sophistication to the letter. A house of majestic proportions located in this coveted leafy residential street in Hampstead Garden Suburb, which backs directly onto Turner’s Wood Bird Sanctuary. The grand living accommodation...",POA,16/03/2018,"Glentree Estates Ltd, London",https://media.rightmove.co.uk:443/dir/crop/10:9-16:9/191k/190037/63158595/190037_26486393_IMG_01_0000_max_476x317.jpg
6 bedroom detached house for sale,"Ingram Avenue, Hampstead, London, NW11","A stunning newly built luxury home of grand proportions totalling 14,358 sq ft. This must-see masterpiece is set on Ingram Avenue, a highly sought-after leafy road in Hampstead Garden Suburb which is defined by absolute privacy by backing directly onto Turners Wood Bird Sanctuary. The property is...",POA,08/05/2019,"'s International Realty, London",https://media.rightmove.co.uk:443/dir/crop/10:9-16:9/63k/62080/71566969/62080_NLD180001_IMG_01_0000_max_476x317.jpg
5 bedroom terraced house for sale,"Harley Street, Marylebone, London, W1G",Arguably one of Marylebone’s finest townhouses,"£18,500,000",25/09/2019,"Savills, Marylebone",https://media.rightmove.co.uk:443/dir/crop/10:9-16:9/105k/104930/65318295/104930_MBS190057_IMG_04_0000_max_476x317.jpg
4 bedroom penthouse for sale,"St. Edmunds Terrace, London, NW8","This elegant Penthouse is finished to the highest of standards and offers the very best in luxury living. Set within a brand new, architecturally designed gated development, with landscaped courtyard gardens, this property is enviously positioned on the park's edge benefiting from unrivaled views.",POA,02/03/2016,"Beauchamp Estates Ltd, Mayfair - Resale",https://media.rightmove.co.uk:443/dir/crop/10:9-16:9/80k/79099/40372875/79099_1001294497_IMG_01_0000_max_476x317.jpg
3 bedroom flat for sale,"One Kensington Gardens, Kensington Road, London W8",An exceptional three bedroom lateral apartment with views over Kensington Gardens within a development of 97 residences designed by award-winning architect David Chipperfield. Ready for occupation. ,"£18,000,000",11/12/2018,"Strutt & Parker, London - New Homes",https://media.rightmove.co.uk:443/dir/crop/10:9-16:9/97k/96919/58760778/96919_LNW180207_IMG_01_0000_max_476x317.jpg
4 bedroom terraced house for sale,"Albert Road, London, NW4",A fantastic opportunity to purchase this four bedroom family home situated in the heart of Hendon. The ground floor benefits from a spacious double through lounge opening to a kitchen breakfast room and a WC. The property is located in a quiet residential area close to transport & amenities.,"£680,000",11/12/2019,"Hendon Estates, London",https://media.rightmove.co.uk:443/dir/crop/10:9-16:9/171k/170990/66990942/170990_HE_SDNK166621_IMG_00_0000_max_476x317.JPG
6 bedroom house for sale,"Chester Street, Belgravia","An exquisite six bedroom, six bathroom Grade II listed house, enviably situated in exclusive Belgravia.","£18,000,000",15/07/2019,"The Cloister, London",https://media.rightmove.co.uk:443/dir/crop/10:9-16:9/52k/51305/83332604/51305_5292_IMG_07_0000_max_476x317.jpg
7 bedroom terraced house for sale,"Upper Grosvenor Street, Mayfair, London, W1K","A grand Mayfair townhouse in need of refurbishment, in a prime location just off Grosvenor Square.","£18,000,000",02/06/2019,"Savills, Mayfair",https://media.rightmove.co.uk:443/dir/crop/10:9-16:9/50k/49602/83477999/49602_MAS180075_IMG_01_0000_max_476x317.jpg
6 bedroom terraced house for sale,"Shawfield Street, Chelsea, London, SW3",This is a unique family house which has been meticulously designed and newly built behind the original period facade. The house is 50' wide with an exemplary accommodation arrangement over 4 floors only.,"£18,000,000",04/01/2019,"John D Wood & Co. Sales, Chelsea Green",https://media.rightmove.co.uk:443/dir/crop/10:9-16:9/1k/669/86043953/669_CST180116_IMG_01_0000_max_476x317.jpg
8 bedroom detached house for sale,"The Bishops Avenue, London, N2","Detached 8 bedroom ambassadorial residence on The Bishops Avenue, N2 A stunning, new build home of approx. 14,566 sq ft. Situated on this premier road, this beautiful property has been built to an exemplary standard. The grand living accommodation is arranged over four floors and is generously p...","£17,995,000",07/01/2019,"Knight Frank, Hampstead",https://media.rightmove.co.uk:443/dir/crop/10:9-16:9/66k/65806/69330880/65806_HAM170057_IMG_01_0000_max_476x317.jpg
7 bedroom detached house for sale,"The Bishops London, N2","Hidden and set back from the road behind security gates and guard, Huxley House is a magnificent newly constructed mansion of 14,529 sq ft (1,353 sqm) spanning 4 stories, offering 7 bedrooms with lift access to each floor. The meticulous and beautifully appointed leisure facilities inclu...","£17,995,000",01/08/2019,"Glentree Estates Ltd, London",https://media.rightmove.co.uk:443/dir/crop/10:9-16:9/191k/190037/64889754/190037_28984907_IMG_01_0000_max_476x317.jpg
5 bedroom terraced house for sale,"Knighton Place, Yeoman's Row, Knightsbridge, SW3","A newly built 5 bedroom house with jacuzzi spa and garage for sale Blomfield House is a contemporary newly built townhouse in Yeoman's Row, a quiet residential street in Knightsbridge, SW3. Amenities include a media room, spa suite and gym, wine room, secure underground parking for two cars, and...","£17,950,000",25/05/2019,"Knight Frank, Knightsbridge",https://media.rightmove.co.uk:443/dir/crop/10:9-16:9/66k/65827/71855429/65827_SLA140246_IMG_13_0001_max_476x317.jpg
5 bedroom terraced house for sale,"Knighton Place, Knightsbridge, London, SW3","Rare, newly built Knightsbridge townhouse with the benefit of both underground parking and passenger lift, designed and developed by Finchatton.","£17,950,000",29/05/2019,"Savills, Knightsbridge",https://media.rightmove.co.uk:443/dir/crop/10:9-16:9/26k/25602/83477063/25602_KNH150154_IMG_02_0000_max_476x317.jpg
5 bedroom terraced house for sale,"Old Queen Street, St. James's Park, London, SW1H","A 5 bedroom house for sale in St. James's Park, Westminster SW1 An exceptional, newly refurbished, Grade II listed period house overlooking Birdcage Walk and the Royal Park. With a garden, terrace, 5 bedrooms and excellent reception spaces this is a remarkable property in a prestigious location...","£17,750,000",28/05/2019,"Knight Frank, Belgravia, covering Westminster",https://media.rightmove.co.uk:443/dir/crop/10:9-16:9/95k/94745/75009805/94745_VIC180059_IMG_01_0000_max_476x317.jpg
5 bedroom house for sale,"Old Queen Street, London, SW1H","Old Queen Street presents an exceptional Grade II listed Georgian house built c. 1770. Recently refurbished to the highest standard, the residence has been beautifully interior-designed offering impressive high ceilings, large sash windows and intricate original features. Each floor from the ...","£17,750,000",23/05/2019,"Beauchamp Estates Ltd, Mayfair - Resale",https://media.rightmove.co.uk:443/dir/crop/10:9-16:9/80k/79099/71874994/79099_1001614319_IMG_01_0001_max_476x317.jpg
5 bedroom house for sale,"South Street, London",A fabulous five bedroom townhouse that has been immaculately refurbished throughout with the additional rare benefit of a private integral garage.,"£17,500,000",18/10/2019,"Dexters, Mayfair",https://media.rightmove.co.uk:443/dir/crop/10:9-16:9/143k/142406/85746908/142406_29189521_IMG_01_0000_max_476x317.jpg
5 bedroom house for sale,"South Street, Mayfair, London, W1K",The only turn-key freehold house in Mayfair. The house boasts a garage and roof terrace.,"£17,500,000",15/11/2018,"Carter Jonas, Mayfair",https://media.rightmove.co.uk:443/dir/crop/10:9-16:9/49k/48609/68557087/48609_MLE180144_IMG_01_0000_max_476x317.jpg
5 bedroom town house for sale,"South Street, London, W1K","A stunning, new five Bedroom Townhouse set behind a period style façade. Situated on the prestigious South Street, the property is close to the open spaces of Hyde Park and the cosmopolitan boutiques of Mount Street.","£17,500,000",12/11/2018,"Wetherell, London",https://media.rightmove.co.uk:443/dir/crop/10:9-16:9/113k/112651/58009242/112651_81649S_IMG_01_0000_max_476x317.jpg
5 bedroom terraced house for sale,"South Street, Mayfair, London, W1K","A beautiful, newly built five bedroom freehold townhouse set behind an immaculate period façade on South Street. Spread over six floors, this meticulously refurbished home features five bedrooms, five bathrooms, a lift and a garage. ","£17,500,000",12/03/2019,"Chestertons Estate Agents , Mayfair",https://media.rightmove.co.uk:443/dir/crop/10:9-16:9/32k/31623/80055866/31623_HPK170091_IMG_44_0000_max_476x317.jpg
4 bedroom flat for sale,"Chesham Place, London","An especially rare lateral apartment benefiting from four double bedroom suites, a large (approximately 47ft) west facing reception room, comfort cooling, two private gardens, private 12m swimming pool, gym, steam room, 24hr concierge and parking.","£17,500,000",13/12/2019,"Strutt & Parker, Knightsbridge",https://media.rightmove.co.uk:443/dir/crop/10:9-16:9/45k/44264/87453749/44264_SLN190073_IMG_01_0000_max_476x317.jpg
5 bedroom terraced house for sale,"South Street, Mayfair, London, W1K","A stunning, recently constructed townhouse set behind a period style façade, situated on prestigious South Street in Mayfair.","£17,500,000",11/06/2019,"Savills, Mayfair",https://media.rightmove.co.uk:443/dir/crop/10:9-16:9/50k/49602/83477933/49602_MBS180147_IMG_01_0000_max_476x317.jpg
4 bedroom flat for sale,"Chesham Place, Belgravia, London, SW1X","A 4 bedroom apartment with porter for sale in SW1X This impressive lateral apartment located in Chesham Place benefits from a private swimming pool and 24 hour security. EPC: C. An especially rare lateral apartment benefitting from 4 double bedroom suites, a large, approximately 40ft, west fac...","£17,500,000",27/11/2019,"Knight Frank, Belgravia, covering Westminster",https://media.rightmove.co.uk:443/dir/crop/10:9-16:9/95k/94745/75833884/94745_BGV190057_IMG_01_0000_max_476x317.jpg
5 bedroom terraced house for sale,"South Street, Mayfair, London, W1K","5 bedroom house with garage for sale in Mayfair W1K A stunning 5 bedroom new build town house situated on the prestigious South Street, close to the open spaces of Hyde Park and cosmopolitan boutiques of Mount Street.
EPC: C. Spread over 6 floors, this immaculately refurbished home features the...","£17,500,000",19/02/2018,"Knight Frank, Mayfair",https://media.rightmove.co.uk:443/dir/crop/10:9-16:9/66k/65815/60355607/65815_WER120247_IMG_455_0001_max_476x317.jpg
3 bedroom apartment for sale,"Marylebone Square, Moxon St, Marylebone, W1U","Marylebone Square is one of London's most sought after locations, a boutique offering of only 54 private lateral apartments self-contained within a beautifully designed building. A rare opportunity to be part of the provenance of aristocratic estates in Central London. A contemporary take on a cl...",POA,09/09/2019,"Ernest-Brooks International, London",https://media.rightmove.co.uk:443/dir/crop/10:9-16:9/163k/162914/64948245/162914_CAN190649_IMG_01_0000_max_476x317.png
8 bedroom detached house for sale,"Courtenay Avenue, London, N6","Impressive detached house in 0.5acre on a magnificent private road This incredibly desirable property is located on one of Kenwoods most distinguished private roads with security. The property offers over 11,331 sqft of well-planned accommodation set in over half an acre of grounds. EPC: C This...","£16,999,999",29/09/2019,"Knight Frank, Hampstead",https://media.rightmove.co.uk:443/dir/crop/10:9-16:9/66k/65806/74430235/65806_HAM140047_IMG_01_0000_max_476x317.jpg
7 bedroom house for sale,"Hanover Terrace, London, NW1","A magnificent Grade I listed house which has just undergone a beautiful restoration and detailed refurbishment. The house benefits from a west facing rear garden, mews house and outstanding views over Regents Park The property is one of the largest houses in what is generally acknowledged as ...","£16,950,000",05/04/2019,"Beauchamp Estates, London",https://media.rightmove.co.uk:443/dir/crop/10:9-16:9/184k/183887/70965247/183887_1011264587_IMG_13_0000_max_476x317.jpg
6 bedroom terraced house for sale,"Stanley Gardens, Notting Hill, London, W11","Fantastic communal garden house for sale in Notting Hill, W11 Arranged over six floors; this stunning property offers exceptional high quality modern living throughout. EPC: D. On the lower ground floor there is a large reception room offering superb light with floor to ceiling windows. This ...",POA,26/04/2018,"Knight Frank, Notting Hill",https://media.rightmove.co.uk:443/dir/crop/10:9-16:9/66k/65821/72801350/65821_NGH170011_IMG_15_0005_max_476x317.jpg
6 bedroom semi-detached house for sale,"The Little Boltons, London","A substantial freehold family house with a 52 ft west facing garden, large well proportioned rooms and high ceilings within an exceptional Chelsea location.","£16,750,000",14/01/2020,"Strutt & Parker, Fulham Road",https://media.rightmove.co.uk:443/dir/crop/10:9-16:9/53k/52788/88333031/52788_WEC190037_IMG_01_0000_max_476x317.jpg
7 bedroom semi-detached house for sale,"The Little Boltons, London, SW10","A substantial freehold family house with a 52ft west facing garden, large well proportioned rooms and high ceilings within an exceptional Chelsea location.","£16,750,000",14/01/2020,"Savills, Sloane Street",https://media.rightmove.co.uk:443/dir/crop/10:9-16:9/49k/48943/88323590/48943_SLH190036_IMG_01_0000_max_476x317.jpg
7 bedroom detached house for sale,"Acacia Road, St John's Wood, London, NW8","A rare opportunity to purchase a beautifully presented double fronted detached house (575sq. m/6,185sq. ft) arranged predominately on two floors only on the favoured East side of St Johns Wood with a carriage driveway. This magnificent home situated on one of St Johns Wood’s finest roads...","£16,500,000",24/10/2019,"Ian Green Residential, London",https://media.rightmove.co.uk:443/dir/crop/10:9-16:9/74k/73947/75010813/73947_29207812_IMG_01_0000_max_476x317.jpg
2 bedroom apartment for sale,River Walk,"In a fabulous location within a few hundred yards of beautiful river walks and Kingston town-centre is this luxury 2 double bedroom/2 bathroom apartment, which has pretty balcony views of the roof top garden. The property is on the sixth floor with lift service access and has over 800 sq ft of ac...","£525,000",23/01/2020,"Stack & Bonner, Kingston Upon Thames",https://media.rightmove.co.uk:443/dir/crop/10:9-16:9/47k/46386/67832022/46386_100723004661_IMG_01_0000_max_476x317.jpg
7 bedroom semi-detached house for sale,"Clarendon Road, Holland Park","This stunning seven bedroom semi-detached house, built in 1846, benefits from being one of the few houses on this premium road, backing onto an exclusive garden square.","£16,500,000",23/08/2019,"Kinleigh Folkard & Hayward - Sales, Holland Park",https://media.rightmove.co.uk:443/dir/crop/10:9-16:9/102k/101798/73702945/101798_2222789_IMG_18_0001_max_476x317.JPG
7 bedroom semi-detached house for sale,"Clarendon Road, Holland Park","A magnificent seven bedroom semi-detached house built in 1846 with parking, large private garden and direct access on to an exclusive garden square, located on one of the best streets in W11.","£16,500,000",13/01/2020,"Dexters, Westbourne Grove",https://media.rightmove.co.uk:443/dir/crop/10:9-16:9/129k/128932/76741498/128932_29384041_IMG_01_0000_max_476x317.jpg
4 bedroom penthouse for sale,"Oceanic House, Cockspur Street, London",Striking four bedroom Penthouse apartment in the heart of St James's.,"£16,250,000",11/05/2019,"Strutt & Parker, London - New Homes",https://media.rightmove.co.uk:443/dir/crop/10:9-16:9/97k/96919/71630173/96919_LNW190036_IMG_07_0000_max_476x317.jpg
4 bedroom flat for sale,"Cockspur Street, London, SW1Y","An exquisite duplex penthouse located within the iconic Oceanic House, built as the offices for the famous White Star Line shipping company. This unique penthouse offers open plan living space flowing seamlessly throughout, creating the perfect space to entertain family and friends. The penthouse...","£16,250,000",19/02/2018,"Beauchamp Estates Ltd, Mayfair - Resale",https://media.rightmove.co.uk:443/dir/crop/10:9-16:9/80k/79099/71563034/79099_1001574621_IMG_01_0003_max_476x317.jpg
3 bedroom penthouse for sale,"The Boiler House, Battersea Power Station, Battersea, SW8",Exclusive apartment available via our discreet marketing service. Contact us for further information. Battersea power station will set a new standard of luxury living in London. The apartment comprises an open plan reception including an open plan high specification kitchen with integrated applia...,POA,,"Ernest-Brooks International, London",https://media.rightmove.co.uk:443/dir/crop/10:9-16:9/163k/162914/63617415/162914_CAN170569_IMG_01_0000_max_476x317.jpg
7 bedroom terraced house for sale,"Wilton Place, Belgravia, SW1X","Recently Refurbished Seven Bedrooms, Eight Bathrooms Luxury House Situated In The Exclusive & Highly Sought-After Area Of Belgravia.  Just A Short Walk Away From Hyde Park, The Fine Restaurants, Cafes And Designer Boutiques Of Sloane Street & Brompton Road.  ","£16,000,000",06/11/2019,"Knightsbridge, Estate Agents",https://media.rightmove.co.uk:443/dir/crop/10:9-16:9/112k/111955/75324361/111955_707_IMG_01_0000_max_476x317.jpg
6 bedroom terraced house for sale,"Oak Hill Park, Hampstead, London, NW3",A unique opportunity to acquire a collection of freehold properties and garages within the private Oak Hill Park Estate.,POA,29/09/2019,"Savills, Hampstead",https://media.rightmove.co.uk:443/dir/crop/10:9-16:9/49k/48928/85230731/48928_HAH190064_IMG_01_0000_max_476x317.jpg
3 bedroom apartment for sale,"Albemarle Street, Mayfair, London, W1S",A spectacular lateral third floor apartment with grand entertaining spaces and high ceilings of approximately 3.4m.,"£16,000,000",02/10/2019,"Savills, Mayfair",https://media.rightmove.co.uk:443/dir/crop/10:9-16:9/50k/49602/85342496/49602_MAS190026_IMG_01_0000_max_476x317.jpg
11 bedroom detached house for sale,"Frognal, London, NW3","10 bedroom original detached house for sale in Hampstead Village, NW3 Refurbished to exacting standards this fabulous lateral house is situated in the heart of Hampstead and benefits from period features and contemporary styling. The property offers a separate guest house and a separate studio a...","£15,995,000",27/06/2019,"Knight Frank, Hampstead",https://media.rightmove.co.uk:443/dir/crop/10:9-16:9/66k/65806/72554332/65806_HAM120098_IMG_01_0001_max_476x317.jpg
11 bedroom detached house for sale,"Frognal, Hampstead Village","This house enjoys a prominent position just three minutes' walk into Hampstead Village with much to offer from the abundance of stylish boutiques, top performing schools, independent shops and artisan food stores to the idyllic green spaces of Hampstead Heath and Kenwood. The house also benefits ...","£15,995,000",03/07/2019,"Goldschmidt & Howland, Hampstead - Sales",https://media.rightmove.co.uk:443/dir/crop/10:9-16:9/88k/87916/83054123/87916_HAM190201_IMG_01_0000_max_476x317.jpg
11 bedroom house for sale,"Frognal, Hampstead, London, NW3",A magnificent mansion which has undergone extensive renovation and offers accommodation for a large family and includes separate staff and guest quarters. The principal bedroom suite benefits from his & her bathrooms and dressing rooms and the gardens have been beautifully landscaped with a ...,"£15,995,000",01/07/2019,"Aston Chase, London",https://media.rightmove.co.uk:443/dir/crop/10:9-16:9/85k/84235/72619585/84235_RGS190186_IMG_01_0000_max_476x317.jpg
5 bedroom apartment for sale,"Montrose Place, London, SW1X",An exceptional five bedroom duplex apartment situated in one of London`s most desirable locations; Belgravia. The property benefits from a large reception room and an open plan kitchen and dining room and five spacious bedrooms with high ceilings throughout.,"£15,950,000",20/09/2019,"Rokstone, London",https://media.rightmove.co.uk:443/dir/crop/10:9-16:9/177k/176396/84968279/176396_2572_ROKS_IMG_01_0000_max_476x317.jpg
4 bedroom terraced house for sale,"Egerton Crescent, London, SW3",MAGNIFICENT REFURBISHED KNIGHTSBRIDGE HOUSE,"£15,950,000",06/10/2019,"Savills, Knightsbridge",https://media.rightmove.co.uk:443/dir/crop/10:9-16:9/26k/25602/74583655/25602_KNH190027_IMG_15_0000_max_476x317.jpg
7 bedroom terraced house for sale,"Brompton Square, London, SW3",Substantial Grade II listed Georgian house located in a prime Knightsbridge garden square.,"£15,950,000",25/11/2019,"Savills, Knightsbridge",https://media.rightmove.co.uk:443/dir/crop/10:9-16:9/26k/25602/83477090/25602_KNH180058_IMG_01_0000_max_476x317.jpg
7 bedroom house for sale,"Winnington Road, London, London, N2 ","Behind the traditional exterior lies a breath-taking contemporary home interior designed to the highest of standards. The house was rebuilt, behind the original facade, some 4 years ago and comprises over 10,000 sq ft/ 930 sq m. Winnington Road is a wide tree lined street with a reputation for ...","£15,750,000",05/07/2018,"Arlington Residential, London",https://media.rightmove.co.uk:443/dir/crop/10:9-16:9/196k/195398/59514054/195398_28467401_IMG_28_0000_max_476x317.jpg
Studio apartment for sale,"Kensington Court, London, W8","An outstanding FREEHOLD property compromised of FOUR RESIDENTIAL APARTMENTS, moments from High Street Kensington. The building consists of: 2 x Two Bedroom Apartments 1 x Three bedroom Apartment 1 x Four Bedroom Penthouse All currently let producing a generous annual in...",POA,10/12/2019,"Chatterton Rees , London",https://media.rightmove.co.uk:443/dir/crop/10:9-16:9/161k/160349/87385577/160349_29326653_IMG_29_0000_max_476x317.jpg
7 bedroom penthouse for sale,"Queenstown Road, Chelsea Bridge Wharf, Battersea Park, London, SW11","7 bed flat for sale in Chelsea Bridge Wharf, SW11 A must see, interior designed & highly distinctive penthouse apartment with seven bedrooms situated on the eleventh floor of the prestigious Lanson Building at Chelsea Bridge Wharf located a short walk from Sloane Square.
EPC: D A truly unique p...",POA,03/04/2019,"Knight Frank, Battersea",https://media.rightmove.co.uk:443/dir/crop/10:9-16:9/88k/87310/80646002/87310_BAT180057_IMG_01_0006_max_476x317.jpg
7 bedroom detached house for sale,"Greenaway Gardens, London, NW3","New Instruction!A charming ambassadorial, detached family house on Hampstead's most coveted turning.Having been thoughtfully refurbished by the current owners the house offers spacious, well planned accommodation over 3 floors and retains a wealth of period features.","£15,000,000",01/10/2019,"Marcus Parfitt Residential Sales, London",https://media.rightmove.co.uk:443/dir/crop/10:9-16:9/196k/195101/85287512/195101_GrnawyGrdsNW3_IMG_00_0000_max_476x317.jpg
4 bedroom terraced house for sale,"Half Moon Street, Mayfair, London, W1J","An exceptional townhouse with cinema, lift and outside space Immaculately refurbished to the highest standard, this Grade II listed white stucco fronted house seamlessly blends contemporary design and period detail. EPC: C. An exceptional Grade II listed residence with accommodation spanning a...","£15,000,000",17/10/2019,"Knight Frank, Mayfair",https://media.rightmove.co.uk:443/dir/crop/10:9-16:9/66k/65815/85714904/65815_WER190082_IMG_01_0002_max_476x317.jpg
7 bedroom house for sale,"Redington Road, Hampstead NW3","Occupying an elevated position on this prestigious road in Hampstead, is this imposing double fronted ambassadorial style detached residence, offering in excess of 7,600 sq ft (713 sq m) of accommodation and approached via a sweeping gated carriage drive. This magnificent home has been t...","£15,000,000",11/11/2019,"TK International, Hampstead",https://media.rightmove.co.uk:443/dir/crop/10:9-16:9/67k/66289/66336171/66289_29256496_IMG_01_0000_max_476x317.jpg
5 bedroom maisonette for sale,"Hyde Park Gardens, London, W2","Set over the second and third floor of this grand Grade II listed building, Hyde Park Gardens offers spacious living areas with high ceilings and six large windows offering spectacular views over the gardens and beyond. There is potential for the development of a stunning open plan contemporar...","£15,000,000",03/02/2019,"Beauchamp Estates Ltd, Mayfair - Resale",https://media.rightmove.co.uk:443/dir/crop/10:9-16:9/80k/79099/69869860/79099_1009205581_IMG_01_0002_max_476x317.jpg
7 bedroom detached house for sale,"Redington Road, Hampstead, London, NW3","An imposing double fronted detached house, (713.3 sq m/7678 sq ft), occupying an elevated position on this prestigious road in the heart of Hampstead. The house is approached by a sweeping carriage driveway, and offers well-proportioned lateral accommodation is accessed via a grand reception hall...","£15,000,000",11/11/2019,"Aston Chase, London",https://media.rightmove.co.uk:443/dir/crop/10:9-16:9/85k/84235/75459733/84235_RGS190293_IMG_01_0000_max_476x317.jpg
7 bedroom detached house for sale,"Hamm Common, Richmond, London, TW10","Well situated in its own spacious grounds, this magnificent newly built house blends well with the scale and style of the elegant 18th and 19th century houses that overlook Ham Common, in this charming location just off Richmond Park. The house is set back from the road with open vie...",POA,08/11/2019,"Aylesford International, Chelsea",https://media.rightmove.co.uk:443/dir/crop/10:9-16:9/43k/42848/86415701/42848_CHE190003_IMG_01_0000_max_476x317.jpg
3 bedroom apartment for sale,"Montrose Place, Belgravia SW1X","To the east of Belgrave Square, 10 Montrose Place is situated in one of London`s most desirable locations. This discreet, contemporary development comprises 18 large lateral apartments within two blocks centred around a colonnade and reception area that look out over a private, landscaped courtyard.","£14,950,000",11/05/2019,"Rokstone, London",https://media.rightmove.co.uk:443/dir/crop/10:9-16:9/177k/176396/81671930/176396_2044_IMG_01_0001_max_476x317.jpg
