title,price,thumbnail_url,image_url,DP Type,Brand,Content,Type
Lulu Unda Matta 5Kg,INR 219.00,https://www.luluhypermarket.in/medias/1002515-01.jpg-96Wx96H?context=bWFzdGVyfGltYWdlc3wxMjAwOXxpbWFnZS9qcGVnfGg0My9oMGQvODg3ODc3MTk5NDY1NC8xMDAyNTE1LTAxLmpwZ185Nld4OTZIfGM4YzBiN2UzMmUxM2NkMjdhMTBlZDdiMzRlZGU3MjkyZDhiYmFkMTdiNWIyNmZkZmVhNjcyZTQ2Y2NlMDAzMGE,https://www.luluhypermarket.in/medias/1002515-01.jpg-515Wx515H?context=bWFzdGVyfGltYWdlc3wxMDQ3ODF8aW1hZ2UvanBlZ3xoNzcvaDQwLzg4Nzg3NzIxMjU3MjYvMTAwMjUxNS0wMS5qcGdfNTE1V3g1MTVIfDY5OTUyMDRiNDliNGJjYmNlZjQyZDRkZGRlMDUzOWU3MjJmYzQ2YTkyN2JjZjhkN2UxNDI5ZWQyNTQ0ZDJjMjU,5 kg,Grocery,Grocery,Boiled Rice
Grand Periyar Sortex Unda Rice 5Kg,INR 189.00,https://www.luluhypermarket.in/medias/1019097-01.jpg-96Wx96H?context=bWFzdGVyfGltYWdlc3wzNDQ3fGltYWdlL2pwZWd8aDVhL2gzYS84OTEzMDk4MDQ3NTE4LzEwMTkwOTctMDEuanBnXzk2V3g5Nkh8MWQ4ZjJhNWExNzliYmQxMzNiZDRjY2Y4ODQ1Y2E1Mzg5MzExNWI5OWMxOTQxYjcxODZjOGJjYzk0ZWNjYzRmNg,https://www.luluhypermarket.in/medias/1019097-01.jpg-515Wx515H?context=bWFzdGVyfGltYWdlc3w0OTQyOHxpbWFnZS9qcGVnfGg5YS9oMzYvODkxMzA5ODE3ODU5MC8xMDE5MDk3LTAxLmpwZ181MTVXeDUxNUh8NGRiMzNjNDJmOWMwZmE4NGRkZjIzYjQzM2VkZGJhYmNiN2JmODY5OWQ4MjgxMWE2ZmE2OTJkMjhhMGQ4YzQxNQ,5kg,Grocery,Grocery,Boiled rice
Brahmins Nurukku Ari 500g,INR 45.00,https://www.luluhypermarket.in/medias/12091-01.jpg-96Wx96H?context=bWFzdGVyfGltYWdlc3w4OTk5fGltYWdlL2pwZWd8aDdlL2gwZi84ODUwNjczMzM2MzUwLzEyMDkxLTAxLmpwZ185Nld4OTZIfDIyNTkwODM2NTgzNTNlMTg2M2E1YTA2NTRhNDcyNzlkMWQxMThhYmY0ZWFlYWY2OTBlYzVlN2Y2OGMwMTAxMWY,https://www.luluhypermarket.in/medias/12091-01.jpg-515Wx515H?context=bWFzdGVyfGltYWdlc3w2OTYwNnxpbWFnZS9qcGVnfGhiZi9oMGIvODg1MDY3MzQ2NzQyMi8xMjA5MS0wMS5qcGdfNTE1V3g1MTVIfDA4ZDIyM2JjYjEzZDY2ZTc4NjE0YjcxNTE2YmFmNGY1MGI1ZTAyMjQ4ZmYxNzFkMzJhOTcxZTA5NDVhYzBhOTM,Indian Food,BRAHMINS,Grocery,500 Gm
Kohinoor Gold Basmati Rice 1kg,INR 199.00,https://www.luluhypermarket.in/medias/1246-01.jpg-96Wx96H?context=bWFzdGVyfGltYWdlc3wxNzA1OXxpbWFnZS9qcGVnfGgwZS9oNjQvODc5ODI1MzgwOTY5NC8xMjQ2LTAxLmpwZ185Nld4OTZIfDhkZDFmMTBlYjdlZjFmOTkyNzU2MTAyNzczZmNhOGIyODM2NjE0ZjkzMzFiZWYxYzU5MDkyNzc0MjIzMzk5N2E,https://www.luluhypermarket.in/medias/1246-01.jpg-515Wx515H?context=bWFzdGVyfGltYWdlc3w3ODY1MHxpbWFnZS9qcGVnfGgzYy9oNjAvODc5ODI1Mzk0MDc2Ni8xMjQ2LTAxLmpwZ181MTVXeDUxNUh8YTU1Y2ExYTRmNzg1MWYyNTg4ODcyOTQ0N2I1YWM0ZDM1NjJlY2NlMjFmOTdlYzVjNmJhNTAwMWI3YzY2OTE0Yg,Grocery,1 Kg,KOHINOOR,Basmati
Charminar Basmati Select Rice 1kg,INR 107.00,https://www.luluhypermarket.in/medias/1257-01.jpg-96Wx96H?context=bWFzdGVyfGltYWdlc3wxODQ4NnxpbWFnZS9qcGVnfGhkMC9oODkvODc5Nzg4NDU3OTg3MC8xMjU3LTAxLmpwZ185Nld4OTZIfDYzY2EwYjhjOWE5ZWU0NDIwOTJmOGYxNmFmZGZkMGE0NDI5YjI4YzViNmMwZjRiZTNjZDNhMWIyODEzNjUyYzI,https://www.luluhypermarket.in/medias/1257-01.jpg-515Wx515H?context=bWFzdGVyfGltYWdlc3w5MjQwNHxpbWFnZS9qcGVnfGhhZS9oODMvODc5Nzg4NDcxMDk0Mi8xMjU3LTAxLmpwZ181MTVXeDUxNUh8NmMwOTQ0MWFmYjBiMTUxYzNiN2I5OTk1ODAzZjUzZWY0ZWI0NmMwNDMwOWVjNDViYTk5NzIyYTVhODJkYmUzMg,Grocery,1 Kg,CHARMINAR,Basmati
Maggi Veg Atta Noodles 80g,INR 19.00,https://www.luluhypermarket.in/medias/12760-01.jpg-96Wx96H?context=bWFzdGVyfGltYWdlc3wxNzM5MnxpbWFnZS9qcGVnfGgxNS9oYjkvODg0OTQwNjk4NDIyMi8xMjc2MC0wMS5qcGdfOTZXeDk2SHwwYjQyOTQ0YzZkNWU5YjYxNWE3ZDhjMTdhMGU0OTBhNGZjNzIzZDUyYTMzY2IyNTI5MTk5ZTkxMjRjN2M3YzBj,https://www.luluhypermarket.in/medias/12760-01.jpg-515Wx515H?context=bWFzdGVyfGltYWdlc3w4Mzc3OHxpbWFnZS9qcGVnfGg1YS9oNmIvODg0OTQwNzExNTI5NC8xMjc2MC0wMS5qcGdfNTE1V3g1MTVIfDcxOTRiOTk3MWMwNTBlYTQ3YzhhMDU4NTc0NDU2OTM5Yjc5NTAzNmEzZTA2OWQ4NzllYjRlYmY4ZjRhZGNhN2U,Instant Noodle,MAGGI,Grocery,80 Gm
Maggi Chicken Noodles 284g,INR 58.00,https://www.luluhypermarket.in/medias/12763-01.jpg-96Wx96H?context=bWFzdGVyfGltYWdlc3wxNTMxNHxpbWFnZS9qcGVnfGg3NS9oZTYvODg0OTU3ODYyMzAwNi8xMjc2My0wMS5qcGdfOTZXeDk2SHxhNGUwODNmYzAzYzI5MzQ5YWIxNzY3ZTU1MzQ4NWUwMWUzYjY1MGY1MWJjZWUxOWIxNDBlNWM4MTVhMDdiMzk1,https://www.luluhypermarket.in/medias/12763-01.jpg-515Wx515H?context=bWFzdGVyfGltYWdlc3w1NTQ0NHxpbWFnZS9qcGVnfGgzNC9oZWEvODg0OTU3ODc1NDA3OC8xMjc2My0wMS5qcGdfNTE1V3g1MTVIfDU1NjQwM2JlMzMwMTUyZDVjZTg0NGQ0OGQ1ZTU2ZDQ3NzA5MTlkYjQxMTk1MTk4NWQxZjNjZTk1ZDg5NTFhNDE,Instant Noodle,MAGGI,Grocery,284 Gm
Maggi 2 Minute Noodles Masala 420g,INR 68.00,https://www.luluhypermarket.in/medias/12770-01.jpg-96Wx96H?context=bWFzdGVyfGltYWdlc3wxNTE4MHxpbWFnZS9qcGVnfGgyYy9oYzUvODg0OTU2NTA1NzA1NC8xMjc3MC0wMS5qcGdfOTZXeDk2SHwxN2M0MTdkNjY0MGJiMWEwMTU3Y2E5YjVjMTQwNzkzNmUzNmJkODdhNjBjYjQ1ODdmMDBlNGY5ZmM1MjMyOWE1,https://www.luluhypermarket.in/medias/12770-01.jpg-515Wx515H?context=bWFzdGVyfGltYWdlc3w1NDg1MnxpbWFnZS9qcGVnfGhlYi9oYzgvODg0OTU2NTE4ODEyNi8xMjc3MC0wMS5qcGdfNTE1V3g1MTVIfDNiNzg5YjMxNWJmNjc4ZTlmNzBmODYwNzlhYzdmMGI5YWU3Y2EwMzYwY2Y2NzFjMzFjZDQ1MzUwMDFmYTE5NmQ,Instant Noodle,MAGGI,Grocery,420 Gm
Maggi 2 Minute Noodles Masala 280g,INR 46.00,https://www.luluhypermarket.in/medias/12771-01.jpg-96Wx96H?context=bWFzdGVyfGltYWdlc3wxNTMwNXxpbWFnZS9qcGVnfGg3Mi9oMWQvODg0OTQ3NDgxMzk4Mi8xMjc3MS0wMS5qcGdfOTZXeDk2SHxmYjBiOWYzZDdlNzI5NjA0NGMxODQ4MjgyMjc3NGU1MDI4NWNkYjIyZDM1ZDU2NWJkNzJmZGI0ZjUzM2Y2ZmFk,https://www.luluhypermarket.in/medias/12771-01.jpg-515Wx515H?context=bWFzdGVyfGltYWdlc3w1NTA0N3xpbWFnZS9qcGVnfGgzMi9oMjEvODg0OTQ3NDk0NTA1NC8xMjc3MS0wMS5qcGdfNTE1V3g1MTVIfDYzOTdmMDM4ZjUwZjk1NjEzZWYwZWJhMzg1ZTMzYmZlNDUwZDUxMzU0MzFiOTQ1OTVjZjZhNDA5OGJlZmVjYmE,Instant Noodle,MAGGI,Grocery,280 Gm
Maggi 2 Minute Noodles Masala 70g,INR 12.00,https://www.luluhypermarket.in/medias/12773-01.jpg-96Wx96H?context=bWFzdGVyfGltYWdlc3wxNTg0NXxpbWFnZS9qcGVnfGgxYS9oOTQvODg0OTM5Njk1NzIxNC8xMjc3My0wMS5qcGdfOTZXeDk2SHwwNGNkNzJlNWRkZjA1MTUyZTkxNGMwMTIzN2FlOTNiNTcwZjlkNTQ4NGRlN2EzNTc3MDkzOWFmZmFkOTRhNzlk,https://www.luluhypermarket.in/medias/12773-01.jpg-515Wx515H?context=bWFzdGVyfGltYWdlc3w3MDIyOHxpbWFnZS9qcGVnfGhiMC9oNDgvODg0OTM5NzA4ODI4Ni8xMjc3My0wMS5qcGdfNTE1V3g1MTVIfGYxYjRlYzcwMTgwNzI5MjcwMGYyMmVjODJjOGE2NTk5MWRlNDdhYTRkNTBjZDMxNmQxODA3OGNjMGEwY2M2MmQ,Instant Noodle,MAGGI,Grocery,70 Gm
Kims Vegitable Noodles 1kg,INR 139.00,https://www.luluhypermarket.in/medias/153311-01.jpg-96Wx96H?context=bWFzdGVyfGltYWdlc3wxODA1NHxpbWFnZS9qcGVnfGgzOC9oMDUvODg1MDYwNzg2NTg4Ni8xNTMzMTEtMDEuanBnXzk2V3g5Nkh8YzAwZTFjMTczY2EyZTJhMzM1Y2Y5YTAwZWE3M2ZmMDIxMTYwM2YwNDM0ZTFjZjNlYmJlMGI2M2NkYWVkM2Y1Mw,https://www.luluhypermarket.in/medias/153311-01.jpg-515Wx515H?context=bWFzdGVyfGltYWdlc3wxMDg3NTF8aW1hZ2UvanBlZ3xoNzkvaDAxLzg4NTA2MDc5OTY5NTgvMTUzMzExLTAxLmpwZ181MTVXeDUxNUh8OWJlZTI2ZWEzNjRiZTUwZTBiNGZkYzlkOTMwMDQzZmNjYzJmMDIyM2E2MDhiNTA4NjY1M2VjNzViNDc0Y2ZjOA,Instant Noodle,KIMS,Grocery,1 Kg
AliBaba Basmati Rice Indian 1kg,INR 109.00,https://www.luluhypermarket.in/medias/159912-01.jpg-96Wx96H?context=bWFzdGVyfGltYWdlc3wxNjE4MHxpbWFnZS9qcGVnfGg1ZS9oOTQvODg0OTM5OTMxNjUxMC8xNTk5MTItMDEuanBnXzk2V3g5Nkh8Yzg2OWQxNThlZTYwYzczODc3NWY1MzY0Y2Y4MzYzMmE0Mzc4MTdlOWI3OWQ4Y2NlYjI4Y2UzZmNlNGFjYzFiNQ,https://www.luluhypermarket.in/medias/159912-01.jpg-515Wx515H?context=bWFzdGVyfGltYWdlc3w3MTg1N3xpbWFnZS9qcGVnfGgxZC9oOTgvODg0OTM5OTQ0NzU4Mi8xNTk5MTItMDEuanBnXzUxNVd4NTE1SHxiZWY1ZjE3ZjFiNTIwNGI1MzVhZmMzZjdlNzc0MzNmOWVmMTEyMWRhZDRlNzA1MjZlMmNlNWRkMDFmMjg0YWIw,Grocery,1 Kg,ALI BABA,Basmati
Mayil Matta Rice Long Grain 10kg,INR 479.00,https://www.luluhypermarket.in/medias/180336-01.jpg-96Wx96H?context=bWFzdGVyfGltYWdlc3wyMTM4MnxpbWFnZS9qcGVnfGg5ZC9oZDQvODg0OTY4ODMzMDI3MC8xODAzMzYtMDEuanBnXzk2V3g5Nkh8ZjcxNDExOGE2ZTdhZTgxMTNkOTllMTc4NzZhMjlhZmQ3N2ZiNTQ1N2Q4ZTdmYTJkYmQxODk1ODI5YWUxYjFiMQ,https://www.luluhypermarket.in/medias/180336-01.jpg-515Wx515H?context=bWFzdGVyfGltYWdlc3w2MzY2MXxpbWFnZS9qcGVnfGg1Yy9oZDgvODg0OTY4ODQ2MTM0Mi8xODAzMzYtMDEuanBnXzUxNVd4NTE1SHw0MGM4ZDZlNWYzN2ViMDcwNWIzMjJmODE2ZDE2OTdjYWZmYWYzNzU0ZGZlYmQ1OTRmN2FiNGNlYTI1NjE1M2U2,Boiled rice,10 Kg,Grocery,MAYIL
Mayil Matta Rice Long Grain 5kg,INR 249.00,https://www.luluhypermarket.in/medias/180338-01.jpg-96Wx96H?context=bWFzdGVyfGltYWdlc3wxNTY3NXxpbWFnZS9qcGVnfGg1MC9oZDAvODg1MDIwMTQ3NzE1MC8xODAzMzgtMDEuanBnXzk2V3g5Nkh8YTFmZGNmMmQwY2U0NGZlNGUwZjdhZDg0MTc4ZTY5ZDk2MGJiZGFiZTJmYTBjNDE5MmM2ZDNkNGFiMWI1NjUxOQ,https://www.luluhypermarket.in/medias/180338-01.jpg-515Wx515H?context=bWFzdGVyfGltYWdlc3w2NTUxMnxpbWFnZS9qcGVnfGg1Zi9oZDYvODg1MDIwMTYwODIyMi8xODAzMzgtMDEuanBnXzUxNVd4NTE1SHxlYjhiYjVlMDVlMGEwMTYwZjFhY2QyYTdiOTI1NjAyNjJmOGFjNjU1NjI1ODc4MzQ3YWMyY2Y3YzRmOTQ1NGU4,Speciality Rice,5kg,Grocery,MAYIL
Mayil Jaya Rice 10kg,INR 459.00,https://www.luluhypermarket.in/medias/180342-01.jpg-96Wx96H?context=bWFzdGVyfGltYWdlc3wyMjQ4NnxpbWFnZS9qcGVnfGgwOS9oMjgvODg1MDEyODMzODk3NC8xODAzNDItMDEuanBnXzk2V3g5Nkh8ODM2ZmYyODZlZDFmYWViZGRjZWRhM2I1ZmJkMDY0MjlhNmUyOTI4NWY2NThmNDkxOTE3ZDMwMjM3ZTJmYTQyNA,https://www.luluhypermarket.in/medias/180342-01.jpg-515Wx515H?context=bWFzdGVyfGltYWdlc3w5NTI4M3xpbWFnZS9qcGVnfGhkYy9oMmIvODg1MDEyODQ3MDA0Ni8xODAzNDItMDEuanBnXzUxNVd4NTE1SHwzYjEwMDZiZjBiM2YxMTQ5YjZiMTgyNTFmNTdlZWUwOWU1YjM1NmYxZTViMDBmMDQ3YzU5OGFmODY3NDM4ODFi,MAYIL,10 Kg,Grocery,Boiled rice
Mayil Jaya Rice 5kg,INR 219.00,https://www.luluhypermarket.in/medias/180379-01.jpg-96Wx96H?context=bWFzdGVyfGltYWdlc3wyMTkwN3xpbWFnZS9qcGVnfGg1Zi9oZTkvODg0ODY4Mzc5NDQ2Mi8xODAzNzktMDEuanBnXzk2V3g5Nkh8OWRmZWM3MWVmMjVkZmMwOGI2NmIzYjFhOGE2MjNiZDI5YjNhMTFhODRkNTNkOTc0YzExOTM2NDVlNmMwMWZhOQ,https://www.luluhypermarket.in/medias/180379-01.jpg-515Wx515H?context=bWFzdGVyfGltYWdlc3w5MjE3M3xpbWFnZS9qcGVnfGg2ZS9oZWYvODg0ODY4MzkyNTUzNC8xODAzNzktMDEuanBnXzUxNVd4NTE1SHwzN2RlNjE1NjMyMzFkNWJhMTkyOWE2OWFlM2JiMjdmZDc2NmQ3OGU5MGRjZDk0NjA3M2I0OThmOGUwZTNiN2Zl,MAYIL,5 Kg,Grocery,Boiled rice
Ruchika Raw Rice 5kg,INR 235.00,https://www.luluhypermarket.in/medias/186614-01.jpg-96Wx96H?context=bWFzdGVyfGltYWdlc3wxNzA5NnxpbWFnZS9qcGVnfGhmMC9oNzMvODg0OTIwNTI2NDQxNC8xODY2MTQtMDEuanBnXzk2V3g5Nkh8ODRhN2ZjMDc1NDc5NTIxODliMWFkNDAwMGZhMDdhNzUzMTk1ZTU5ZDAxZDU3OGQ3YmQxYTQ4NjlmNmQ0MGE0NQ,https://www.luluhypermarket.in/medias/186614-01.jpg-515Wx515H?context=bWFzdGVyfGltYWdlc3w1NzE5OXxpbWFnZS9qcGVnfGhhZi9oNzcvODg0OTIwNTM5NTQ4Ni8xODY2MTQtMDEuanBnXzUxNVd4NTE1SHw2N2RiNGYwMjc0MjYyZjkzMDk0YTgxMmQ2Zjc2Zjg0MzRlNzhjOWQ5YmY2YTM4MzU1OWYxNDhjMGIyNTk5MmY5,Indian Ethnic Rice,5 Kg,Grocery,RUCHIKA
Kims Egg Noodles 900GM,INR 149.00,https://www.luluhypermarket.in/medias/195873-01.jpg-96Wx96H?context=bWFzdGVyfGltYWdlc3wxODAwNnxpbWFnZS9qcGVnfGhiNC9oNTgvODg1MDM1MDcwMjYyMi8xOTU4NzMtMDEuanBnXzk2V3g5Nkh8MzRlMmQ2MjVjZTNiYmM4MjdkMTlkY2FhYjA5MjU2ZWJhZDVhYzBlNzM0NjFkOTc4NzIwMTZlODJjYTQ2NWVmNg,https://www.luluhypermarket.in/medias/195873-01.jpg-515Wx515H?context=bWFzdGVyfGltYWdlc3wxMDY0Mzd8aW1hZ2UvanBlZ3xoZjUvaDU0Lzg4NTAzNTA4MzM2OTQvMTk1ODczLTAxLmpwZ181MTVXeDUxNUh8ZGMzODBlMzUxODkwMWU0ZTg4M2RhZWExODEyZWZhYWM5OTU0OTBjOWZjYmFiOTk5OTU0MDllZWQ2MDQ0ZGM2Yg,Instant Noodle,KIMS,Grocery,1 Kg
Double Horse Macaroni 200g,INR 26.00,https://www.luluhypermarket.in/medias/196792-01.jpg-96Wx96H?context=bWFzdGVyfGltYWdlc3wxNTgxN3xpbWFnZS9qcGVnfGhhYi9oMTgvODg1MDAwNTA2NTc1OC8xOTY3OTItMDEuanBnXzk2V3g5Nkh8MGRjZjQzZWMzZmEyNGJkMTY5ZDIzZmY3ZTI3OGVhZTdkMjk4ZTAxMmM0OGI5OTMyYTJkN2QyY2IwMTJjMmQwZA,https://www.luluhypermarket.in/medias/196792-01.jpg-515Wx515H?context=bWFzdGVyfGltYWdlc3w3NDkwNXxpbWFnZS9qcGVnfGg2YS9oMWMvODg1MDAwNTE5NjgzMC8xOTY3OTItMDEuanBnXzUxNVd4NTE1SHw3OTBiZTNlNTU0YzU5MDJjZDY1NmI4YmY3M2U2ZjExMDA0M2I0MGQzYTdkY2VjMjJhM2FlNGM2MDViOTgwYzUx,Pasta,Grocery,DOUBLE HORSE,200 Gm
Ching's Secret Hot Garlic Noodles 240g,INR 55.00,https://www.luluhypermarket.in/medias/19747-01.jpg-96Wx96H?context=bWFzdGVyfGltYWdlc3wyNDc0NXxpbWFnZS9qcGVnfGgzOC9oMjgvODg3MjU0NzQ1MDkxMC8xOTc0Ny0wMS5qcGdfOTZXeDk2SHxhNmUzYTNkM2EyNTg3M2FjNTYyZWQ5NGExZWE4OTMwZTExYWVmZmZhYWQ0MTZmMDI5MDFkOTcyMTE4NmRkZDMw,https://www.luluhypermarket.in/medias/19747-01.jpg-515Wx515H?context=bWFzdGVyfGltYWdlc3w4NDk5MXxpbWFnZS9qcGVnfGhmOC9oMmIvODg3MjU0NzU4MTk4Mi8xOTc0Ny0wMS5qcGdfNTE1V3g1MTVIfDI3YzQwMzA1YjkwMmFmOGU4YWMzODNjYTg0NDM5NTg1Nzc1ZmIwYTg1ODY3NTFkNmYyYTAyYmNhOWFhMzE2M2E,Instant Noodle,CHINGS SECRET,Grocery,240g
Ching's Secret Schezwan Noodles 240g,INR 55.00,https://www.luluhypermarket.in/medias/19748-01.jpg-96Wx96H?context=bWFzdGVyfGltYWdlc3wyMzU2OHxpbWFnZS9qcGVnfGhkYS9oODAvODg3MjU1MTU3OTY3OC8xOTc0OC0wMS5qcGdfOTZXeDk2SHw2NWVlMTcyODYwNDgyODFlMWNhMWYyOTY4MjllOWQ5MDJkODBkMWZjN2JiZjY5NDNmYmM1NTZlYWY4MTc1NDhh,https://www.luluhypermarket.in/medias/19748-01.jpg-515Wx515H?context=bWFzdGVyfGltYWdlc3w4MTY2NXxpbWFnZS9qcGVnfGhmYy9oODYvODg3MjU1MTcxMDc1MC8xOTc0OC0wMS5qcGdfNTE1V3g1MTVIfDAwMDllMzI3MDBkMDU0MDIyYjI3MGQ5MjdhZDcxNGJlZGZjNDliNTJhMTYzOGYxMDJlMGUxMmUzMGY1MDA5ODg,Instant Noodle,CHINGS SECRET,Grocery,240g
Chings Secret Manchurian Noodles 240gm,INR 55.00,https://www.luluhypermarket.in/medias/19749-01.jpg-96Wx96H?context=bWFzdGVyfGltYWdlc3wzMzc2fGltYWdlL2pwZWd8aDUyL2hiMi84ODk1ODgzNjQwODYyLzE5NzQ5LTAxLmpwZ185Nld4OTZIfDM0ZDIxYjNlM2QxMmFlZmIyN2UxNTUxZWJlMzhkYWExNzliZTZkOGJiN2UxOWRhZjkwYTU4NDI5YWM4MjUxMWI,https://www.luluhypermarket.in/medias/19749-01.jpg-515Wx515H?context=bWFzdGVyfGltYWdlc3w1OTU2MXxpbWFnZS9qcGVnfGg5My9oYWUvODg5NTg4Mzc3MTkzNC8xOTc0OS0wMS5qcGdfNTE1V3g1MTVIfDJmZTg5OWZjZDc2ZTAzZTAyYzkwM2I3OTMzNTM2N2ZhOGQ1NTgwODViOTllMGQxOWFiMzgyMTdjMjY2OGZkNWQ,Instant Noodle,CHINGS SECRET,Grocery,240g
Family Biriyani Rice Jeerakasala 1kg,INR 125.00,https://www.luluhypermarket.in/medias/214359-01.jpg-96Wx96H?context=bWFzdGVyfGltYWdlc3wxNTE3NHxpbWFnZS9qcGVnfGgyZC9oZjcvODgxNzE1Nzk2MzgwNi8yMTQzNTktMDEuanBnXzk2V3g5Nkh8OTkxY2YxYjRkOWZmZWZjMGQ2NTI0Y2M4MjZkMmI5YTY0ZDZmNTE4ZDE1NTViNTRiOTA0ZjFlZWY3NWI1N2M5MQ,https://www.luluhypermarket.in/medias/214359-01.jpg-515Wx515H?context=bWFzdGVyfGltYWdlc3w2NzU5NXxpbWFnZS9qcGVnfGg2OC9oYmQvODgxNzE1ODA5NDg3OC8yMTQzNTktMDEuanBnXzUxNVd4NTE1SHwwMDI3NmRmYTk4OWY0ZmVmZTQ4YjUwOTc4N2I5MWZiNTkwYmM5YzZkNmMxMTMyNDg2YzFjNTk1YzVmNmRkZTNh,Basmati,1 Kg,Grocery,FAMILY
Fruitomans Egg Noodles 500g,INR 65.00,https://www.luluhypermarket.in/medias/221099-01.jpg-96Wx96H?context=bWFzdGVyfGltYWdlc3wxMDI0NnxpbWFnZS9qcGVnfGg3OC9oOWIvODgxNTM4OTA4MTYzMC8yMjEwOTktMDEuanBnXzk2V3g5Nkh8OWE1MGNhOGJkM2IwMzRlN2RmNzk0NjczYmIzN2M1ZWQ5ZGJmMWQxZmU4NTcxYmVmMDJlMmJiMjM1MTc5MjZmZQ,https://www.luluhypermarket.in/medias/221099-01.jpg-515Wx515H?context=bWFzdGVyfGltYWdlc3w3ODA4MnxpbWFnZS9qcGVnfGg4Ny9oYTEvODgxNTM4OTIxMjcwMi8yMjEwOTktMDEuanBnXzUxNVd4NTE1SHxkMTQ4YWY2YTFhODE4Yzk2NzE1NDE5ZDlhZWRjYjgyYmZkNTE3OGUzNzUwOGE3ZjhiYzQxMDFmMGViN2JkY2Zh,Instant Noodle,FRUITOMANS,Grocery,500 Gm
Daawat Brown Basmati Rice Jar 1kg,INR 164.00,https://www.luluhypermarket.in/medias/2912-01.jpg-96Wx96H?context=bWFzdGVyfGltYWdlc3wxMzgzMnxpbWFnZS9qcGVnfGg4Mi9oOGUvODg1MjU1NDc3NjYwNi8yOTEyLTAxLmpwZ185Nld4OTZIfDcyODdiNDBiZTJhNWI0MGU3ZjE4NjgyNDI0YzE0NDRhYjNlY2ZhYWUzYWNmNmZmZmMxMjQxMWZlMjdlNzk0N2M,https://www.luluhypermarket.in/medias/2912-01.jpg-515Wx515H?context=bWFzdGVyfGltYWdlc3w2NjczM3xpbWFnZS9qcGVnfGg3My9oODgvODg1MjU1NDkwNzY3OC8yOTEyLTAxLmpwZ181MTVXeDUxNUh8OWFjZmRjYjYzMTkxZDM1YzUwZjdlZTU1ZmY1OTdiMTE2ODJlZDAwNzNkOWE2ZDY1NTdhMzA4NDJlNzE0OTFjYQ,Grocery,1 Kg,DAAWAT,Basmati
Daawat Biriyani Basmati Rice 1kg,INR 219.00,https://www.luluhypermarket.in/medias/2915-01.jpg-96Wx96H?context=bWFzdGVyfGltYWdlc3wxNDAwNHxpbWFnZS9qcGVnfGhiOC9oZTcvODg1MTc5OTIxMjA2Mi8yOTE1LTAxLmpwZ185Nld4OTZIfDE4Mjc1MDZjNTIwN2Q1NzQ1YjE0YjFjNWNkZjc0NzQ4ZWIxZTljNGVkMWIwYThhNWFmMjAxMmI4ZDhmZTIwMzk,https://www.luluhypermarket.in/medias/2915-01.jpg-515Wx515H?context=bWFzdGVyfGltYWdlc3w2MzQ1MnxpbWFnZS9qcGVnfGhmOS9oZTMvODg1MTc5OTM0MzEzNC8yOTE1LTAxLmpwZ181MTVXeDUxNUh8MDA1YTliYzlhZGVkOGYzYTM5MTJkMDZiMWU3NzVhNmNjYjBiZGZkMTI0NGJiNzJiNjU5MDhjMTdkYjZhMzNlOA,Grocery,1 Kg,DAAWAT,Basmati
Daawat Traditional Basmati Rice 1kg,INR 199.00,https://www.luluhypermarket.in/medias/2923-01.jpg-96Wx96H?context=bWFzdGVyfGltYWdlc3w4OTI1fGltYWdlL2pwZWd8aGRlL2hmYS84ODUxNzY1MDAyMjcwLzI5MjMtMDEuanBnXzk2V3g5Nkh8NjI0MGQ1MmMxNjc2Yzg3ZWUxMTRmZDhmOTY1YzE5M2VhZDY2NDJjYzQ2ZjUzNzM4Yzg3NjIxZDAxYzMwOTZhOA,https://www.luluhypermarket.in/medias/2923-01.jpg-515Wx515H?context=bWFzdGVyfGltYWdlc3w1ODcwNHxpbWFnZS9qcGVnfGg5ZC9oZmUvODg1MTc2NTEzMzM0Mi8yOTIzLTAxLmpwZ181MTVXeDUxNUh8ZmI5YzUyYjIyYzBjMTllZGVhZDkyY2FhMDZlNmQ0ZGNkODA1MzMwMjk1OWIwMTg3MTdlYjQ0YTMxNzZiOTZmZA,Grocery,1 Kg,DAAWAT,Basmati
Daawat Basmati Rice Devaaya 1kg,INR 105.00,https://www.luluhypermarket.in/medias/2943-01.jpg-96Wx96H?context=bWFzdGVyfGltYWdlc3wxMzE2N3xpbWFnZS9qcGVnfGhmYS9oYWMvODg1MTY2NzIyMjU1OC8yOTQzLTAxLmpwZ185Nld4OTZIfDM1M2RjNWJiOTQ3MGZmMmFkZWQxNjA3ZjM1MjdmZGIxNjc3NmVmOTI0ZTgyOTQwM2ZiMWE1M2ViZWUyMzcxODQ,https://www.luluhypermarket.in/medias/2943-01.jpg-515Wx515H?context=bWFzdGVyfGltYWdlc3w1MTI2MHxpbWFnZS9qcGVnfGhiOS9oYjAvODg1MTY2NzM1MzYzMC8yOTQzLTAxLmpwZ181MTVXeDUxNUh8MmE2YTYxODUwNDdiMTg4MGVmYTg4YjA5ZGI2ZWJhOWZkYWJhODY0YWEyYWQyMmVjZjdjNDAxYzFlY2Q2ODhjNA,Grocery,1 Kg,DAAWAT,Basmati
Nirapara Jeerakasala Rice 1kg,INR 185.00,https://www.luluhypermarket.in/medias/297020-01.jpg-96Wx96H?context=bWFzdGVyfGltYWdlc3wxNDg2NnxpbWFnZS9qcGVnfGg0Zi9oN2YvODgyMDcwMjI4MTc1OC8yOTcwMjAtMDEuanBnXzk2V3g5Nkh8YjRhYTk5MjdmNDkxNmNkMjk4OWIxNDE0M2VjZDEzYjZhOThkZTg2ZGM0YTdhMzMyNzBiNzdkM2I1NmNiNjQyYw,https://www.luluhypermarket.in/medias/297020-01.jpg-515Wx515H?context=bWFzdGVyfGltYWdlc3w3MTk1NXxpbWFnZS9qcGVnfGg0MC9oNzkvODgyMDcwMjQxMjgzMC8yOTcwMjAtMDEuanBnXzUxNVd4NTE1SHw5ZjMwZGRmNzFjY2VjZGQ0NjcwZTAxYzk0MGMwNWRmZWU5ZGVlN2JkYWUzMmIzZWU3MzAwMGM1NmVkZDQzMDY3,Indian Ethnic Rice,1 Kg,Grocery,NIRAPARA
Sunfeast Yippee Noodles Magic Masala 140g,INR 23.00,https://www.luluhypermarket.in/medias/303889-01.jpg-96Wx96H?context=bWFzdGVyfGltYWdlc3wxODc3N3xpbWFnZS9qcGVnfGhhNy9oYmUvODgxODkyMDQyMzQ1NC8zMDM4ODktMDEuanBnXzk2V3g5Nkh8ODE2MWQ0MmE0Mzc3YWY2MmUzNDlhNjk1Mjc2ZjkyMjhmZDVmODhiNTNlODg1ODczYTA2MzkzZGQ4ZDVlY2JiOQ,https://www.luluhypermarket.in/medias/303889-01.jpg-515Wx515H?context=bWFzdGVyfGltYWdlc3w5MjMzMHxpbWFnZS9qcGVnfGg2Ni9oYzIvODgxODkyMDU1NDUyNi8zMDM4ODktMDEuanBnXzUxNVd4NTE1SHw1YWFkNDE0MzAxNWNhNTEyZDFkMWNjNzljMjNhOGUwYTYxNDNjNGI4MDcxNTk5ZDM5Y2Y2OWE1NjNkZjIyMTll,Instant Noodle,SUNFEAST,Grocery,140 Gm
Tilda Pure Basmati Rice 1kg,INR 189.00,https://www.luluhypermarket.in/medias/32317-01.jpg-96Wx96H?context=bWFzdGVyfGltYWdlc3wxNDM5N3xpbWFnZS9qcGVnfGhjNS9oZmMvODgwNTU3NDgzNjI1NC8zMjMxNy0wMS5qcGdfOTZXeDk2SHxhNjJkNGFkMjAxODFhMmEzYzhjZjA2ZThhM2EyMGE0MzdlMzkxZDU2NGU5NWJkZDA4YmUzNWYwYzVmMGUyYjIx,https://www.luluhypermarket.in/medias/32317-01.jpg-515Wx515H?context=bWFzdGVyfGltYWdlc3w1ODA4OHxpbWFnZS9qcGVnfGg3Yi9oZmYvODgwNTU3NDk2NzMyNi8zMjMxNy0wMS5qcGdfNTE1V3g1MTVIfGVkZTU3YWIxNGIwMTc0YTg5NGFjNDhiYTk3Y2YzZmNiNGI2NjA5YWE5YTU0OTJjZmMxZWNkMTM1MWE3YTFkM2E,Grocery,2 Kg,TILDA,Basmati
Tilda Wandaful Basmati Rice 1kg,INR 149.00,https://www.luluhypermarket.in/medias/32319-01.jpg-96Wx96H?context=bWFzdGVyfGltYWdlc3wxNDkzNHxpbWFnZS9qcGVnfGhlYS9oOGQvODgwNDc5NTk0MDg5NC8zMjMxOS0wMS5qcGdfOTZXeDk2SHw1NTg1Nzk5MTFjMTk0ZDM3ZjVkZWRiNGQ4Mzg2NDFmMTU2NzNkNGQzZDZmOWUyMzczOWY3NDIxNzBjMjk4Y2Uw,https://www.luluhypermarket.in/medias/32319-01.jpg-515Wx515H?context=bWFzdGVyfGltYWdlc3w2NTA1NnxpbWFnZS9qcGVnfGg3Zi9oNDIvODgwNDc5NjA3MTk2Ni8zMjMxOS0wMS5qcGdfNTE1V3g1MTVIfDQ5YTk5NDU3ZTkwNWFhMmFkNjljZTI2N2YzNTJlNDAxZjY1Y2NkNmM3ZTI5MGViMDFmODMwMmIwMTA1ODkyZTU,Grocery,1 Kg,TILDA,Basmati
Tilda Khush Long Grain Rice 1kg,INR 95.00,https://www.luluhypermarket.in/medias/32322-01.jpg-96Wx96H?context=bWFzdGVyfGltYWdlc3wxNTg4NHxpbWFnZS9qcGVnfGg3Ny9oNTcvODgwNTgwODE0NDQxNC8zMjMyMi0wMS5qcGdfOTZXeDk2SHwxMTdhYzc5MTZmNWM1YTZkY2YwZGQxMzllZTRlM2JkY2Q3MjFlYjU0YWNjMTM4ZTBlOGRkNWE0NDlhMjU0NDdj,https://www.luluhypermarket.in/medias/32322-01.jpg-515Wx515H?context=bWFzdGVyfGltYWdlc3w3MDE5MXxpbWFnZS9qcGVnfGgzNi9oNWIvODgwNTgwODI3NTQ4Ni8zMjMyMi0wMS5qcGdfNTE1V3g1MTVIfDQzM2YyYjE1OTQ5ZmIwYjUyODg1ZjYzMjYyMzRkZDAwZDY2OGY0NTEyY2JlNjZkMTMzNzUxMzBmYWYyYjVmYTM,Grocery,2 Kg,TILDA,Basmati
Double Horse Aval Red 500g,INR 51.00,https://www.luluhypermarket.in/medias/3827-01.jpg-96Wx96H?context=bWFzdGVyfGltYWdlc3wxNDc0MXxpbWFnZS9qcGVnfGhiMi9oMjIvODg1MjQxNjc1Nzc5MC8zODI3LTAxLmpwZ185Nld4OTZIfGIwMmZjZmViY2Q1ZWNjZjhjZmNhMWUwZmU3OTNhODMxNTE4ZGE1NTE2NjU5OGQyNzgzNmI5NmViODk1ZTM0ZWM,https://www.luluhypermarket.in/medias/3827-01.jpg-515Wx515H?context=bWFzdGVyfGltYWdlc3w3MDU3N3xpbWFnZS9qcGVnfGhmMy9oMWUvODg1MjQxNjg4ODg2Mi8zODI3LTAxLmpwZ181MTVXeDUxNUh8NTk5OWI5YzYxMzY1ZDJmMjhjMmJiMzdkNzZjOTM3YzJhOGM2ODJkYWUxYTUwMWRkOGI1ZDEyMDI3NDQ5MTg4MA,Indian Food,DOUBLE HORSE,Grocery,500 Gm
Double Horse Chef Mate 1kg,INR 121.00,https://www.luluhypermarket.in/medias/3831-01.jpg-96Wx96H?context=bWFzdGVyfGltYWdlc3wxNDg2MXxpbWFnZS9qcGVnfGhiNC9oOWYvODg1MTgxMzk1NzY2Mi8zODMxLTAxLmpwZ185Nld4OTZIfGI5NjNmZGRiMDRlOWViNzY5NGI1ZTYwNGJkYjk0OTIzM2Q2NmY1ODkwZWE2ZTRlNmZkMTI1MjUzMDA3MjdmYzU,https://www.luluhypermarket.in/medias/3831-01.jpg-515Wx515H?context=bWFzdGVyfGltYWdlc3w3NTMzMnxpbWFnZS9qcGVnfGg0OS9oNTQvODg1MTgxNDA4ODczNC8zODMxLTAxLmpwZ181MTVXeDUxNUh8NmM1Y2ZmODQyZGQ4YzQ1ODA0MGRjZGI0YWM0ZjRiMWFkMzhmN2RiYWFmMWE2OGJlZTA1OTk5YTQ2MWQ1MzI0MA,Grocery,1 Kg,DOUBLE HORSE,Basmati
Nirapara Cherumani Rice 10kg,INR 423.00,https://www.luluhypermarket.in/medias/39849-01.jpg-96Wx96H?context=bWFzdGVyfGltYWdlc3w0Nzk3fGltYWdlL2pwZWd8aGM3L2hiNC84ODA1NDE1MjU2MDk0LzM5ODQ5LTAxLmpwZ185Nld4OTZIfDAzYTkxYzczZTNmMDVmZTkyYzZiMGRjZDA0OTA1Y2EwNjVhZjIyYTBmNzQyNjMyNGMwZjRmYTE3NGE1NDhmN2U,https://www.luluhypermarket.in/medias/39849-01.jpg-515Wx515H?context=bWFzdGVyfGltYWdlc3w5NjUzNHxpbWFnZS9qcGVnfGgwOC9oYjEvODgwNTQxNTM4NzE2Ni8zOTg0OS0wMS5qcGdfNTE1V3g1MTVIfDc2MzQ3ZDI2NTcyMjQ5NzRmNWMxOTlkNTJlY2I5YWQyYTg0ZTJjZWFkNWJlZGVkYjViNzcyMTIxYWNjNzJkNWE,NIRAPARA,10 Kg,Grocery,Boiled rice
Periyar Broken Rice 500g,INR 38.00,https://www.luluhypermarket.in/medias/539-01.jpg-96Wx96H?context=bWFzdGVyfGltYWdlc3wxNjE5MHxpbWFnZS9qcGVnfGg4OC9oNWYvODc5ODE0ODIzMTE5OC81MzktMDEuanBnXzk2V3g5Nkh8YWFkOWQ1NjEwNjkyMDBjZmRiNjZmYjQ2NDE1ZmIwYmIxNWU3NjYwZWViYjNhNzRiNjIxZWUxMzNjZWZmMDI2Ng,https://www.luluhypermarket.in/medias/539-01.jpg-515Wx515H?context=bWFzdGVyfGltYWdlc3w4MTE4OHxpbWFnZS9qcGVnfGhjOS9oNWIvODc5ODE0ODM2MjI3MC81MzktMDEuanBnXzUxNVd4NTE1SHwyOGJmMGYyZTU1NzA3OWE4NjQ5ZTkwNGMyOWUwN2QxOGRlMGNlZDM3YzMzZGNhNzYyY2I1ZWNhNGVlZmVhMjky,Indian Food,PERIYAR,Grocery,500 Gm
Bambino Short Cut Vermicelli Regular 160g,INR 15.00,https://www.luluhypermarket.in/medias/58439-01.jpg-96Wx96H?context=bWFzdGVyfGltYWdlc3wxNzk3NnxpbWFnZS9qcGVnfGg4YS9oZGUvODgwODE2Mzk2NzAwNi81ODQzOS0wMS5qcGdfOTZXeDk2SHwwODhmZTNhYzJmOTZmOWJjNzU0NTQ3YjZjN2M3MDU0NWFjOGZjOWQzMzEzYjQ5YzFjMjQ4N2JkMzIxZWI4ZWIw,https://www.luluhypermarket.in/medias/58439-01.jpg-515Wx515H?context=bWFzdGVyfGltYWdlc3w5MzUwNHxpbWFnZS9qcGVnfGgwYS9oZDYvODgwODE2NDA5ODA3OC81ODQzOS0wMS5qcGdfNTE1V3g1MTVIfDRmMWM1OTBiM2Q3NDJkZjA4MWVlODgzNzRkOTQyMjEzYzhhNmNhZWY5MjlhZTdjYmU3YjJlMGNjOTNlYmU4N2U,Vermicelli,Grocery,160 Gm,BAMBINO
Double Horse Parboiled Rice Cherumani 5kg,INR 229.00,https://www.luluhypermarket.in/medias/6016-01.jpg-96Wx96H?context=bWFzdGVyfGltYWdlc3wyNzUzMXxpbWFnZS9qcGVnfGg2Yi9oMjgvODc5ODUyMjI0NTE1MC82MDE2LTAxLmpwZ185Nld4OTZIfDkzZmExMDkxZGVkMzU0NjFlNzUyNzJkM2M4YjgxODU5YjU1ZDAwZGNkNzU0MjU2YTE4MzFhMGM2Mjk4NjJiY2I,https://www.luluhypermarket.in/medias/6016-01.jpg-515Wx515H?context=bWFzdGVyfGltYWdlc3wxMDEzMzB8aW1hZ2UvanBlZ3xoMmEvaDJjLzg3OTg1MjIzNzYyMjIvNjAxNi0wMS5qcGdfNTE1V3g1MTVIfGMzZDIzOGQyNzg3NWFmNjI2ZmUxM2IzMGJkZWE5MmJhNWQ2NGZkNjhhYjg2N2MzNThmOTY2MDg5MmQxOWQ2YjQ,DOUBLE HORSE,5 Kg,Grocery,Boiled rice
